lat,lng
37.48343814144144,126.87971335568182
37.486750363963964,126.90042651022728
37.48674954144145,126.90043466931819
37.48674352072072,126.90055318977274
37.48672561351351,126.90101099886363
37.486718845945944,126.90119595568181
37.486691160360365,126.90186644431819
37.48668903333333,126.90192964318182
37.48668903333333,126.90192964318182
37.48667760990991,126.90226914204545
37.48667474234235,126.90237148068182
37.486673899099095,126.9026081625
37.48668186126126,126.9028335625
37.48668704864864,126.90293107386364
37.48670711981982,126.90316582386365
37.4867331972973,126.9033838375
37.48676577747747,126.90358478181818
37.486798707207214,126.89997356931819
37.48676405585586,126.90021501818183
37.486750363963964,126.90042651022728
37.48706008558559,126.89875072045454
37.487004565765766,126.8989243125
37.48685251531532,126.89959863068181
37.486798707207214,126.89997356931819
37.487097051351356,126.89863513863637
37.48706008558559,126.89875072045454
37.48744801801802,126.89773079545454
37.48744328288288,126.89774219431818
37.48717968918918,126.89837675568182
37.487097051351356,126.89863513863637
37.48676577747747,126.90358478181818
37.486767856756764,126.90359760795454
37.48680777387388,126.90379674886364
37.486861271171165,126.90401859659092
37.486980923423424,126.90444966022727
37.487187600900896,126.90516210795454
37.487485488288286,126.90619687386364
37.48759838378379,126.90658637613636
37.48343814144144,126.87971335568182
37.4846655954955,126.87916063181818
37.484857438738736,126.87907424431818
37.48486962252253,126.87907012386364
37.4852808,126.87889281022727
37.48554732072071,126.87877865340909
37.48555071981981,126.87877779204545
37.485580635135136,126.8787692375
37.4855942954955,126.87876495568182
37.48624071801801,126.87848606704546
37.487164936936935,126.87807394545455
37.48742688558558,126.87795713977272
37.487649337837844,126.8778576125
37.487803911711715,126.89710236022728
37.48774704144143,126.89719833522727
37.487664390090096,126.89733728977272
37.487636863963964,126.8973843715909
37.48754471351351,126.8975461875
37.487496159459454,126.89763505568182
37.48747601261262,126.89767143750001
37.48746039099099,126.89770101022728
37.48744801801802,126.89773079545454
37.4885353099099,126.92078691477272
37.487854099099096,126.92143058977273
37.48690590900901,126.92232738977273
37.48683098468468,126.9223987375
37.48759838378379,126.90658637613636
37.48772711441441,126.90703051022727
37.48786686936937,126.90751208977274
37.48796209099098,126.90782145568181
37.48804785855856,126.90808116477272
37.4881362018018,126.90832348977273
37.488272715315325,126.90867456477272
37.48838146486486,126.9089409375
37.48851870720721,126.90925423977274
37.488607699099106,126.90943962386363
37.488687327927934,126.90959691477272
37.488696228828836,126.90961392386363
37.488696228828836,126.90961392386363
37.48884701441442,126.90990208068182
37.48892961891892,126.9100541034091
37.4890578981982,126.91027858295455
37.48913723423423,126.91041122613636
37.48914471261262,126.89501813068182
37.489003293693685,126.89518196477273
37.48894414504505,126.89525546704546
37.488727565765764,126.89556056931818
37.48857388738739,126.89580003522727
37.48834469099099,126.89618786022727
37.48817511261261,126.89647201704545
37.48801559189189,126.8967381965909
37.48785785225225,126.89701132954546
37.487803911711715,126.89710236022728
37.48913723423423,126.91041122613636
37.489169894594596,126.91046583068182
37.489294216216216,126.91067080681819
37.489294216216216,126.91067080681819
37.489327730630635,126.9107260625
37.48939358648649,126.91083158068182
37.48973247207208,126.91136212613637
37.48984358378379,126.91154773522727
37.490305420720716,126.89404772272727
37.490206607207206,126.89410315340909
37.490023216216215,126.89422111022728
37.489844691891896,126.89435192386364
37.48957235765766,126.89457758750001
37.489386262162164,126.8947558625
37.489216507207196,126.89493495681819
37.48914471261262,126.89501813068182
37.48984358378379,126.91154773522727
37.48986542252251,126.91158421704546
37.49021731441441,126.9121477375
37.49048646576577,126.91258326818182
37.490650650450455,126.91285360113636
37.49072997927927,126.91299677159091
37.4908020936937,126.9131303875
37.49086380900901,126.91325165113636
37.49091715135135,126.9133691034091
37.490969351351346,126.9134904625
37.49102125765766,126.91362166704545
37.4910774063063,126.91377723068182
37.491123561261254,126.91392058068182
37.49116315765766,126.91405371477273
37.49119304234234,126.91416112159091
37.49125426576577,126.91440636022728
37.491290709909904,126.91458761931818
37.491318666666665,126.91475056704546
37.491346851351345,126.91493558295454
37.49136235675675,126.91508459886363
37.49137716756756,126.91525996022727
37.49138755045046,126.91545916477273
37.49139326666666,126.91563916704546
37.49139136486487,126.91582373068182
37.49138227567568,126.91600899204545
37.49136762162162,126.91620824204546
37.49134187837838,126.91644880340908
37.491306081981975,126.91668189318182
37.49126081261262,126.91691956931818
37.49121896126126,126.91710155568182
37.49116540810812,126.91732425795455
37.49110908828828,126.91750377727273
37.491060016216224,126.91764614431818
37.49098890810811,126.9178338715909
37.49092307297298,126.91798880795454
37.490850103603606,126.91815108522728
37.49077276936937,126.91830420113637
37.49068976666666,126.91845845340909
37.49059067477477,126.91862695568182
37.490496735135125,126.91876973068182
37.490383404504506,126.91892754204545
37.490272184684684,126.91907661249999
37.490154361261254,126.91921997613636
37.49003769909909,126.91935047840909
37.48987404144144,126.91951511250001
37.48956574954955,126.91981376931818
37.48888837297298,126.92045612840909
37.48853427927928,126.9207851534091
37.488535887387386,126.92078636931818
37.4885353099099,126.92078691477272
37.494021214414424,126.89260850000001
37.49365425405405,126.89274208977272
37.49325593423424,126.89289090795454
37.49306813063063,126.89296047159091
37.49263181981981,126.89312194659091
37.49224781531532,126.89326433295454
37.491725841441436,126.89345560795455
37.49143030900901,126.8935663965909
37.4911663018018,126.89366367613637
37.49105845855856,126.8937030534091
37.49077098198198,126.89381659886364
37.49049414324324,126.89394185795454
37.490305420720716,126.89404772272727
37.4950878009009,126.89221399772727
37.49410545495495,126.89257783295454
37.494021214414424,126.89260850000001
37.49599423603605,126.8616880875
37.496072571171176,126.86204473977273
37.496135708108106,126.86225345795455
37.49623293873874,126.86257488977273
37.49627518018018,126.86270240113636
37.49645394594595,126.86317286704545
37.49674050270271,126.86381666477273
37.49728132612612,126.86504151022727
37.49740746486486,126.86531674886363
37.4974690990991,126.8654549465909
37.497843091891895,126.86626513295454
37.49789894774774,126.8663885875
37.498044484684684,126.86670882613636
37.49824196126126,126.8671427625
37.487649337837844,126.8778576125
37.48769167117117,126.87783867159091
37.48851215945946,126.87750026931818
37.488930368468466,126.87736038977273
37.48893104414414,126.8773603375
37.48914406126127,126.87730002386363
37.48932042972974,126.87725446249999
37.489477664864864,126.87717231818182
37.489684627027025,126.87706419659091
37.48988772882883,126.87700595909091
37.490665614414404,126.87678290795455
37.49192941441441,126.87656486818182
37.492577973873864,126.87645297386364
37.494517846846854,126.87633140340908
37.49496857567568,126.87632087045455
37.49519693333333,126.8763155340909
37.49526077477478,126.87631404204546
37.495739082882885,126.87628531704546
37.49577718378379,126.87628302840909
37.496077507207204,126.87626499204545
37.496710402702696,126.87622698295453
37.497679118918924,126.87617995568182
37.4980623882883,126.87616135
37.498071892792794,126.87616088863636
37.49818362252252,126.87615546477272
37.498290070270265,126.87615029659091
37.49867113693694,126.87613179772727
37.498856649549545,126.87612279204546
37.49824196126126,126.8671427625
37.49841881711712,126.8675313875
37.49845478738739,126.86760796704546
37.49846961891891,126.86764497386363
37.49865803693693,126.86799139204545
37.49872383873875,126.86813153977273
37.4989243036036,126.86852942727272
37.49899637477478,126.86867247613635
37.499000074774784,126.86868113863636
37.499000074774784,126.86868113863636
37.499032950450456,126.86875811704546
37.49932417477478,126.86939830795454
37.49948507927929,126.8697520215909
37.49959836306306,126.87000691022727
37.498012001801804,126.98033912840908
37.49831833693694,126.98042796704546
37.4985078081081,126.98048411477272
37.49871997207207,126.98056373522726
37.49898468738739,126.98066225795453
37.49926448738739,126.98076899431818
37.49950436486487,126.98085244659092
37.49970686846847,126.98091838295454
37.499834271171174,126.98094716931818
37.49998413603603,126.98097066477273
37.50014773783784,126.98099563977273
37.49959836306306,126.87000691022727
37.499886538738735,126.87065530568181
37.500295009909905,126.87160464431818
37.500424581981974,126.87191269318181
37.50046079099099,126.87200224204545
37.500460975675665,126.87241216363635
37.5004550045045,126.8723886965909
37.500412053153156,126.87224670795455
37.50041028468468,126.87221397045455
37.5004080036036,126.87217173181818
37.50043705675675,126.87205980340909
37.50046079099099,126.87200224204545
37.50046079099099,126.87200224204545
37.500494880180185,126.87208654431818
37.498856649549545,126.87612279204546
37.49959767387388,126.87566223295454
37.49975571261261,126.87554066022727
37.49981954054054,126.8754915590909
37.499835038738745,126.8754796375
37.4999112036036,126.87542104659092
37.499924906306305,126.87541050568181
37.500170636936936,126.87504587159091
37.50037108648649,126.87465603068182
37.50050403333333,126.87421713977274
37.500592047747745,126.87370796022728
37.50060227297297,126.87343171704546
37.50058795315316,126.87302380795454
37.50054500090091,126.87274239886364
37.500460975675665,126.87241216363635
37.500494880180185,126.87208654431818
37.500546868468476,126.87221511477273
37.500613157657654,126.87237905227272
37.50081369909909,126.87287500795455
37.50082499999999,126.872902825
37.50159496936937,126.87479821704545
37.5017832972973,126.87525875909091
37.50179774234234,126.89003662272727
37.50170643513514,126.89006804431818
37.50150386576576,126.89015054886363
37.50114495585585,126.89030888977273
37.50075752432433,126.89047899431817
37.500517444144144,126.89057781477273
37.500347072072074,126.89064515568181
37.50017281351351,126.89070812727273
37.50006826666667,126.89073964431819
37.4999192918919,126.89077393068182
37.499789174774776,126.8908031215909
37.4996242018018,126.89083408977272
37.49921737567567,126.89089312613636
37.49890155315315,126.89094359431817
37.49854804144144,126.89101219431818
37.49816258288289,126.89110756022727
37.497778631531524,126.89122478522728
37.49728364054053,126.89140232613636
37.49672991801802,126.89160737159091
37.4961135027027,126.89183415568182
37.49605790540541,126.89185469659091
37.4950878009009,126.89221399772727
37.498856649549545,126.87612279204546
37.498993763963966,126.87613923636364
37.49904433783783,126.87614530227273
37.49912981981982,126.87615555454545
37.49919411801802,126.87616326590908
37.499313558558555,126.87617759204545
37.49938630990991,126.87618631704545
37.499439895495506,126.87619274318182
37.499441938738734,126.87619298863636
37.49950101891891,126.87620007386363
37.499699340540545,126.87622386022727
37.499803936936935,126.87623640454545
37.49991531891892,126.8762497625
37.50099625225226,126.87637940340909
37.501216569369376,126.87638349545455
37.501311074774776,126.87638525113636
37.501408749549554,126.8763870659091
37.501438142342344,126.8763876125
37.501726190090096,126.8764451375
37.50186771531532,126.87647340113637
37.5017832972973,126.87525875909091
37.501872851351344,126.87547775681819
37.501872851351344,126.87547775681819
37.50198894504505,126.87576165681818
37.50198894504505,126.87576165681818
37.50202589369369,126.87585201136363
37.50202589369369,126.87585201136363
37.502078577477484,126.87598084431818
37.502078577477484,126.87598084431818
37.50208814504504,126.87600424204545
37.502117256756755,126.87606086704545
37.502117256756755,126.87606086704545
37.5021960027027,126.87621403295455
37.5021960027027,126.87621403295455
37.50232605585585,126.87646699545454
37.50232605585585,126.87646699545454
37.50238217027027,126.87657614204545
37.50186771531532,126.87647340113637
37.50238217027027,126.87657614204545
37.503454790990986,126.97854637613636
37.50343806036037,126.97855878522728
37.50331676666667,126.97865638522728
37.50297414684685,126.97898692386363
37.50279418468469,126.97918170568182
37.50238217027027,126.87657614204545
37.50279866216216,126.87709863522727
37.502871887387386,126.87718415795455
37.503077914414405,126.87737655113636
37.50347096306307,126.87774423295454
37.50356316486486,126.87786057840908
37.50372726936937,126.87803490568182
37.50398246936936,126.87833479204545
37.50428975855856,126.87865600795455
37.50441784234234,126.97801404204546
37.504400909009014,126.97801916704546
37.50427381711712,126.97806665113636
37.50405872702703,126.97815977613637
37.50400462792792,126.97818605340909
37.5036698981982,126.97838682386364
37.503454790990986,126.97854637613636
37.50454137477477,126.88986589204545
37.50421296126125,126.88981129886363
37.50410572162161,126.88979910795454
37.503797530630635,126.88976629431818
37.50341124414415,126.88975106250001
37.50307207657657,126.88976131931818
37.5027702963964,126.88978988068182
37.50247004234234,126.88983976704546
37.50243426936937,126.88984779659091
37.502150418918916,126.88992263977273
37.50195992702702,126.88998269886363
37.50179774234234,126.89003662272727
37.50484250900901,126.97790608977273
37.5046046981982,126.97795748749999
37.50441784234234,126.97801404204546
37.50521129009009,126.97787295113636
37.505030795495486,126.97788667386364
37.50484250900901,126.97790608977273
37.505847079279285,126.97791219318182
37.50561727477478,126.97787981477273
37.50542142252252,126.9778635034091
37.505308105405405,126.97786558977273
37.50521129009009,126.97787295113636
37.50673733603604,126.97813331477273
37.50673083513514,126.97813155340909
37.50622815045045,126.97799591931818
37.50597497747748,126.9779346375
37.50586996126126,126.97791541704545
37.505847079279285,126.97791219318182
37.50792259369369,126.97845836590909
37.50723788918919,126.97826889204545
37.50673733603604,126.97813331477273
37.50428975855856,126.87865600795455
37.50522840090089,126.87963719204545
37.5058424009009,126.88034948068182
37.50601230720721,126.8805446965909
37.506263548648654,126.8808758215909
37.50648181531531,126.88124978522728
37.50666134504504,126.88155489431819
37.50683223693694,126.88185281477273
37.506920927027025,126.88199716022727
37.507125808108114,126.88236428068181
37.5072451036036,126.88266688295455
37.50753157567567,126.88323195113637
37.50771491441441,126.88354282159091
37.5077897054054,126.8836762034091
37.50807891081081,126.88414298977273
37.50813765495495,126.88423734431818
37.508519045945945,126.8848779875
37.50861839369369,126.88503650795455
37.50871281711712,126.88519421022727
37.50901631981982,126.88568558977272
37.50935887657658,126.88624757613637
37.50947423153153,126.88642082840909
37.509771709009016,126.88692216704546
37.51032689639639,126.88792554204547
37.5106468063063,126.8886216125
37.5106468063063,126.8886216125
37.51029943963964,126.88883261022727
37.50936312432433,126.88941971363636
37.50823738108109,126.89013652613636
37.507728631531535,126.89034815681818
37.507192820720725,126.89034815681818
37.5061566945946,126.89013308068182
37.50565127657658,126.89005039431818
37.50454137477477,126.88986589204545
37.5106468063063,126.8886216125
37.51087558018018,126.88911938522727
37.51087558018018,126.88911938522727
37.51096057207208,126.88930431477273
37.511086271171166,126.8896165659091
37.511086271171166,126.8896165659091
37.511249631531534,126.89002237272727
37.514884210810806,126.92383143636364
37.514890806306305,126.92398795113637
37.5149336927928,126.92443560795454
37.514942347747755,126.92453552727274
37.514942347747755,126.92453552727274
37.51494939549549,126.92461689886363
37.514994847747744,126.92498154659091
37.51502512162162,126.92538229886364
37.51508073243244,126.92589193522727
37.515106523423434,126.92612617386364
37.515136247747755,126.92646615113637
37.515364588288286,126.93541540568182
37.5153265108108,126.93475430568182
37.51530944774775,126.93448347613636
37.515258701801805,126.93355286704546
37.515240348648646,126.93250707386363
37.51520767657659,126.93095411022728
37.515160645945954,126.92912061704546
37.51514633063063,126.92786381931818
37.515127903603606,126.92686183522727
37.515136247747755,126.92646615113637
37.51587933693693,126.94026978863636
37.51587132162163,126.94014743977273
37.51586177207207,126.94003220568182
37.51582543513513,126.93969855113636
37.51577079909911,126.93908438068182
37.51575882792793,126.93898139431819
37.51571164954955,126.93861644659091
37.5156361054054,126.9379170534091
37.51559675225224,126.9377168625
37.515509937837834,126.93698543068182
37.51549364594595,126.93675569431818
37.51539732162163,126.93597165568181
37.515364588288286,126.93541540568182
37.515136247747755,126.92646615113637
37.5151998945946,126.92649829204545
37.51526140990991,126.92658629204546
37.515280438738735,126.92666085568182
37.51567380450451,126.92828426704546
37.51588131081081,126.92903553295454
37.51599587477477,126.92962334431817
37.51604836126127,126.93007316477274
37.51607877567568,126.93104425113637
37.516064481981985,126.93129148295455
37.51598365495495,126.93191982386364
37.51583676126126,126.93260178522728
37.51576642792793,126.93286511704545
37.51557155225225,126.93377774659092
37.515524510810806,126.93399719204545
37.51548632522523,126.93418260568181
37.51544702072072,126.93436158522728
37.515364588288286,126.93541540568182
37.517183837837834,126.98098778863637
37.51697484054054,126.98093878750001
37.51686328918918,126.98091043522727
37.51660071261261,126.98083892840909
37.516520305405415,126.98081419204546
37.5164469990991,126.98079263068182
37.51623048198198,126.98073301704545
37.515802254954956,126.98061586931817
37.515456435135135,126.98051966477273
37.5151043054054,126.98042409886364
37.51472658828829,126.98032086477274
37.510123552252246,126.97906210340909
37.50980350720722,126.97897197840909
37.50942678468468,126.97886767159092
37.50907429819819,126.97877159204546
37.50872496486487,126.97867559204546
37.5083737918919,126.97857770340909
37.50802142252253,126.97848571477273
37.50792259369369,126.97845836590909
37.511249631531534,126.89002237272727
37.51130297927928,126.89015489431817
37.51133162792792,126.89022394431818
37.511577714414415,126.89080186931818
37.5116093,126.89086565568182
37.511655456756756,126.89096906477273
37.51185669639639,126.89144346249999
37.51204353963965,126.8918970215909
37.51231775945945,126.89253055340909
37.51239366036036,126.8927209034091
37.51250552882883,126.89298553977272
37.51270024954955,126.89347021931819
37.51274930720721,126.89359890113637
37.512775754054054,126.8936807375
37.51288034504504,126.8939123965909
37.51290417207207,126.89398669431817
37.51294862612612,126.89411579431818
37.512966262162166,126.89416143522728
37.51316466216216,126.89468148068183
37.513389054954956,126.89533373977272
37.51346789639639,126.89554126704546
37.513958036936934,126.89689156704546
37.51421466936936,126.89755451477272
37.51457945135135,126.89840120795455
37.514802581081085,126.89903015795454
37.515125548648655,126.90004157386363
37.51557383873874,126.90117383522728
37.51572271801801,126.90148713068182
37.51601958648649,126.90225873068181
37.51622406576577,126.90275719431818
37.516365990090094,126.90308292840909
37.517309661261265,126.90521269545454
37.518697759459464,126.91461638295455
37.518627103603606,126.91521985795455
37.51854381891892,126.91555089886364
37.51846888018019,126.91584193522728
37.518418062162155,126.91601647386364
37.518359458558564,126.91619058295454
37.518234838738735,126.91652570795453
37.518031492792794,126.91700192159091
37.517625022522516,126.91766814431818
37.517091469369376,126.91846626704545
37.51665460090091,126.91901545568182
37.51627481531531,126.91950104886364
37.51602688198198,126.91981090795454
37.515790537837844,126.9201603125
37.51558287837838,126.92050518977273
37.51547469459459,126.92070765568181
37.515284975675684,126.92115803522728
37.51508213603604,126.92177318522728
37.51500758288289,126.92208785795454
37.51493544954954,126.9225020625
37.514935541441446,126.92251976704546
37.514923878378376,126.9226321875
37.514898132432435,126.92281407613636
37.51490176306306,126.9228483215909
37.514878590090085,126.92314334886363
37.514878332432424,126.92316163068182
37.514874096396404,126.92358041477273
37.51487737027027,126.92366911477272
37.514884210810806,126.92383143636364
37.51871287387388,126.91448732500001
37.51871282972973,126.91448766704545
37.518697759459464,126.91461638295455
37.51877011891892,126.91404425568182
37.51871287387388,126.91448732500001
37.517309661261265,126.90521269545454
37.51798172702702,126.90672947840909
37.518134290991,126.90702086704545
37.51816462432432,126.90710258295455
37.51825950900901,126.90740612386364
37.51839263513513,126.90807392613637
37.51854961891892,126.90974343522727
37.518660323423425,126.91142001704546
37.5187313972973,126.91224922613637
37.51877900990991,126.91318398977273
37.518782865765765,126.91324439659091
37.5187874009009,126.91366306931819
37.518775645945944,126.91400147840909
37.51877011891892,126.91404425568182
37.519057088288285,126.94750533295455
37.51877344054054,126.94718621704546
37.51760516486486,126.94587167159091
37.517338395495486,126.94557982159091
37.51707472162162,126.9452650625
37.51701317747748,126.94516303977272
37.516735696396395,126.94474696931819
37.51651990180181,126.94432347840909
37.516311294594594,126.94372728068181
37.51626074324325,126.94346926704546
37.5161151054054,126.94282938977273
37.51605671981982,126.9424972125
37.51599619909909,126.94198109431818
37.51595897567567,126.94148548068182
37.51587933693693,126.94026978863636
37.51911955765765,126.94757561363636
37.519057088288285,126.94750533295455
37.52013230540541,126.98105450113636
37.51979012342343,126.98109085113637
37.519548941441435,126.98110303522726
37.519059862162166,126.98109776931818
37.518354997297294,126.98108293295455
37.5179109,126.98107802386365
37.51768062972974,126.98106534886364
37.517436705405416,126.98103417840909
37.51720031441441,126.98099165113636
37.517183837837834,126.98098778863637
37.5229006900901,126.95169968863635
37.52273248738739,126.95156521477273
37.522035955855856,126.95081240340909
37.5218173,126.95059748977272
37.52083666756757,126.94949471704545
37.520406599099104,126.94902359204545
37.51911955765765,126.94757561363636
37.52108706576577,126.99120657386364
37.52106328558559,126.99050128295454
37.521056797297305,126.99033862613636
37.52105226936936,126.9902324125
37.521048271171175,126.99015660795455
37.52103414864865,126.98979853977272
37.52103125675676,126.98975478295455
37.52102248918919,126.98967747613636
37.52092361171171,126.98889074204546
37.520918123423414,126.98882647613635
37.52091255225224,126.98872125568181
37.52091227657658,126.98755833295455
37.52090953063064,126.98744169545454
37.52090953063064,126.98744169545454
37.52090181171171,126.98711382613637
37.52087662252252,126.98614684204546
37.520861856756746,126.9854077375
37.52086597027027,126.98527108522727
37.520869629729724,126.98502678522726
37.52086981171171,126.9849940715909
37.5208666063063,126.98475033068182
37.52087327837838,126.98464183522727
37.52087250900901,126.98441811477272
37.52086036486486,126.98429216931818
37.520864406306316,126.98422728749999
37.52086362972973,126.9840283375
37.5208650063063,126.98377386477273
37.52087614864865,126.98366033295454
37.52083016306306,126.9830718375
37.52082676126127,126.98299981931818
37.520809418918915,126.98269991931818
37.52080285315314,126.98250762613637
37.5207919990991,126.98213955568181
37.52081657207207,126.98169394886364
37.52081941171172,126.98161620113636
37.52082466036036,126.98145635568183
37.52084432162162,126.9811972625
37.520850067567565,126.98113962386363
37.52088171981981,126.98084539431818
37.52091901891892,126.98063828295454
37.520930597297294,126.98056962386363
37.52096448918919,126.98037648977272
37.521017269369366,126.98013909886363
37.52104111621621,126.98004945113637
37.52110501171172,126.97981647386364
37.52112963153154,126.97972925568182
37.52120375405405,126.9794747875
37.52131516666667,126.97912175340909
37.52148321351352,126.9786215534091
37.52155919189189,126.97836067386363
37.52186341531531,126.9774149375
37.52216642252252,126.97647082159091
37.52241218288288,126.97569232386364
37.52293436306306,126.97406100795455
37.5232499972973,126.97307461477273
37.5233313972973,126.97282523977273
37.52351614684685,126.97224386022727
37.52375925765765,126.97148419772728
37.52519310630631,126.9541754
37.52518615405406,126.95416747386363
37.52518280450451,126.95416383977272
37.52518173243243,126.95416303068181
37.524504285585586,126.95341422159092
37.5236409054054,126.95244036931818
37.52348361171171,126.95229260568182
37.522954946846845,126.95174306477273
37.5229006900901,126.95169968863635
37.52375925765765,126.97148419772728
37.5239845018018,126.97078036704545
37.524119709009,126.97030990340909
37.52420888918918,126.96991109886363
37.52423702972973,126.96976173977272
37.52430802072073,126.96918619204546
37.52432571081081,126.96889391931819
37.52432625135135,126.96848890568181
37.524309060360366,126.96806860795454
37.52426635225225,126.96766735795454
37.524196907207205,126.96717219659091
37.52409707837837,126.96659833522727
37.523954638738736,126.96584892613636
37.52382451441441,126.96512466477273
37.5237232963964,126.96459075795455
37.52363688738738,126.96408799431818
37.52357736126125,126.96361013068181
37.523552671171174,126.96319551704546
37.52355404954956,126.96278305568183
37.52357275585585,126.96234993295454
37.523620173873866,126.96188463977272
37.52376588558558,126.96113199431818
37.523914912612604,126.96065613522728
37.524032588288286,126.96037512159091
37.52416752162163,126.96011609659091
37.52433352522522,126.95982050340909
37.5245611990991,126.95954396022726
37.5246830099099,126.95941297613636
37.52485239009009,126.95925707159091
37.525083880180176,126.95905691931819
37.52528887657658,126.95889716477274
37.52519310630631,126.9541754
37.5255227972973,126.9545512875
37.52571180810811,126.9547614125
37.525907184684684,126.95498930340909
37.52528887657658,126.95889716477274
37.52545224594595,126.95875707159091
37.5254621918919,126.95875010795454
37.525533404504515,126.95869523977272
37.525620909009014,126.95861656477273
37.525698512612614,126.95853516022727
37.525806516216214,126.95841497159091
37.52584802072072,126.95836250795455
37.52603981531532,126.95807097386364
37.526154539639634,126.95784264886363
37.5261999972973,126.95771173977273
37.52622957567567,126.9575837375
37.52627646396397,126.9574184284091
37.526304053153154,126.95727289431818
37.52632862252252,126.95710724886364
37.52634284234235,126.95692646022728
37.52634876666666,126.95675492159091
37.5263436927928,126.95659765795455
37.52633200810811,126.95645452386364
37.52631307657657,126.95630502840909
37.526276736036046,126.95611131477273
37.52623800450451,126.95595867386363
37.52617788198198,126.95580405113637
37.526092244144145,126.95560010795455
37.525989339639644,126.95540600340908
37.52590877027028,126.95525360340909
37.52589488738738,126.9551106625
37.525907184684684,126.95498930340909
37.525907184684684,126.95498930340909
37.52635699549549,126.95552557386364
37.526463991891895,126.9556458625
37.526517991891886,126.95571035568182
37.52652836486486,126.95572481704545
37.52655318648648,126.95575742613636
37.52682077567568,126.9561538125
37.52691756666667,126.95629143068182
37.52719082612613,126.95667358068182
37.52730650000001,126.95684912840909
37.52788516306307,126.95769080568182
37.5280177018018,126.95789352386363
37.5281319918919,126.95806622840908
37.52844214504504,126.95851310113636
37.52856676306307,126.95867869204545
37.52867100090091,126.95886469886364
37.52885039189189,126.9591405625
37.52528887657658,126.95889716477274
37.525487390090085,126.95884630568182
37.52561095765765,126.95879103977272
37.525925566666665,126.95868235795454
37.52619327657658,126.95860990568181
37.52641823333334,126.9585669465909
37.52645527477477,126.95856142386363
37.526645411711705,126.95854276931819
37.526761721621625,126.95852777159091
37.5269142009009,126.9585250625
37.52700461351351,126.95852741022728
37.527090732432434,126.95853339659091
37.52713304774775,126.95853758295455
37.52723302612613,126.95854998068181
37.52741000990991,126.95859252159092
37.52753853243244,126.95863075113637
37.52758212342343,126.95864690795455
37.52793682432433,126.95882666477273
37.528151577477466,126.95895884204546
37.528268287387384,126.95902051477273
37.528386660360354,126.95908287386364
37.528563049549554,126.95911369204545
37.528673109009006,126.95913174659091
37.52885039189189,126.9591405625
37.52885039189189,126.9591405625
37.52960464234234,126.96003602613636
37.529754145045054,126.96020841022727
37.529986887387395,126.96052304204547
37.53021661351351,126.96083802159092
37.53032546036036,126.9609740465909
37.530379051351346,126.96103864659091
37.53131694954954,126.9623535625
37.53131694954954,126.9623535625
37.53241744954955,126.96389644204545
37.532542103603596,126.96405583522727
37.53263402972973,126.96418236704545
37.5328546027027,126.9644720375
37.53294596306307,126.96459889431819
37.53313303333333,126.96487811931819
37.53332611621621,126.96517436931818
37.53332611621621,126.96517436931818
37.53377827657657,126.96585200795455
37.53385491621622,126.96594536477272
37.53403048738738,126.96619374431818
37.53438052522522,126.9666015965909
37.53455206396397,126.96676939204546
37.534658709009,126.96691082159091
37.53474156216217,126.967004675
37.534875267567564,126.96715613068181
37.53332611621621,126.96517436931818
37.53394166756757,126.96552999659092
37.53456257567568,126.96593665340909
37.53502333603603,126.96619971931818
37.534875267567564,126.96715613068181
37.53489178468468,126.96715549204545
37.53495109729729,126.96715319886363
37.535206763063066,126.96714331477273
37.53538613963965,126.96712041477272
37.53584255045045,126.9670593125
37.536127027927925,126.96695753522728
37.536195580180184,126.96692877386363
37.536195580180184,126.96692877386363
37.53625366936936,126.96690440340909
37.534875267567564,126.96715613068181
37.534989435135124,126.96728953863636
37.53502123153152,126.96732669431817
37.535218930630634,126.96754739204546
37.535285397297294,126.96759550795454
37.53538650720721,126.96768787386364
37.53558974864864,126.96780144204546
37.53566977567568,126.96785258522728
37.53575544054055,126.96791616022728
37.53599899909911,126.9680873965909
37.5360900009009,126.96815650113636
37.536554036936934,126.96846097613636
37.536828101801795,126.9686002875
37.53689907477477,126.96864990568181
37.53706854864864,126.96872080113636
37.53732388378378,126.9688009284091
37.53750594684685,126.96884847159092
37.53761643873873,126.96888071477272
37.53791945135135,126.96892360795454
37.53831933423424,126.9689758625
37.53853572882883,126.96901166931818
37.53915057747747,126.96908891477273
37.53928953603603,126.96909661704545
37.539688182882884,126.96913343295455
37.53981544594594,126.96914128295455
37.53989119369369,126.96914139431817
37.540881516216224,126.96916972613636
37.54225778558558,126.96917307045454
37.54225778558558,126.96917307045454
37.54257179729729,126.96917383295454
37.542657035135136,126.96917642159092
37.54272991801802,126.96917323068182
37.54276473603604,126.96916940795454
37.54299298108107,126.96916590113636
37.54307663873873,126.96916633636364
37.54307663873873,126.96916633636364
37.54326059099099,126.96916729204546
37.54326059099099,126.96916729204546
37.543857141441435,126.96917039204546
37.54488563513514,126.96916341477272
37.54517531441441,126.96916054659091
37.54570138468469,126.96917401022728
37.54622250180179,126.96917539204546
37.546306636936926,126.96917635795455
37.54804386036036,126.9691527875
37.54811115405405,126.96915553977273
37.548155564864864,126.96916114204545
37.54820457027027,126.9691716715909
37.54825437747748,126.96918112840909
37.548318309009005,126.9691879125
37.54889611261261,126.9691906125
37.549016119819825,126.96918284659091
37.54923384774775,126.9691850125
37.54938817567568,126.9691842625
37.549602718018015,126.96919938977273
37.5527841018018,126.96898539886364
37.552367217117116,126.96855981704545
37.55204553243243,126.96844191704545
37.551485170270276,126.96836333068183
37.5511461972973,126.96840465568182
37.55057846036036,126.96858923295454
37.55019137027028,126.96875209204546
37.549825779279274,126.9689475534091
37.549602718018015,126.96919938977273
37.549602718018015,126.96919938977273
37.55002708558559,126.96892016704545
37.55058991441441,126.96883286022727
37.55115692522523,126.96872573295455
37.5515594009009,126.96864238068181
37.55223942072072,126.9688289465909
37.5527841018018,126.96898539886364
37.549602718018015,126.96919938977273
37.55093076486486,126.96929522386364
37.5515848891892,126.96932337386363
37.5527841018018,126.96898539886364
37.5527841018018,126.96898539886364
37.55447533243243,126.96863938068182
37.55447533243243,126.96863938068182
37.5546157990991,126.96861064204545
37.556143154054055,126.96858493295454
37.55627094864865,126.96860015113636
37.55627094864865,126.96860015113636
37.557222483783775,126.96871346022728
37.55809976846847,126.9688354715909
37.55822387117117,126.96884861022727
37.558267327027025,126.96886050113636
37.55830927837838,126.96887690795454
37.558398840540534,126.96891253295453
37.55842676846847,126.96892384886364
37.55850088378378,126.96895281704546
37.55857378108108,126.96897464204545
37.558696546846846,126.96901242840909
37.558751348648656,126.96902930113636
37.55881693063064,126.96904857613636
37.5588456063063,126.96906453068182
37.55890706036037,126.96908451477273
37.5589915072072,126.96909704431819
37.559093905405405,126.9691225215909
37.55914197927928,126.96913038295455
37.55919423513514,126.9691400125
37.55923614144144,126.96915112159091
37.55933960090089,126.9691680034091
37.55941791441441,126.96918293068182
37.5594507936937,126.9691940125
37.55955414324324,126.96921222159091
37.559601701801796,126.96921673977272
37.55972306576576,126.9692332465909
37.559769590090085,126.96923648295454
37.55984206216217,126.96924203522728
37.559889035135136,126.9692463784091
37.55993280450451,126.96925067159091
37.55998662072073,126.96925129204546
37.560054656756755,126.96925081704545
37.560106438738735,126.96925096704545
37.56015478108108,126.9692480715909
37.560244040540546,126.96923847386364
37.5602987972973,126.96922970113637
37.56033352342342,126.96922346477272
37.560372563063055,126.96921610113637
37.56038094864864,126.96921462840909
37.56042432702702,126.96920667159091
37.56045960630631,126.96919949659092
37.560499036936946,126.96919117386363
37.56053782972974,126.96918254659091
37.56058583513513,126.96917079204545
37.560593968468474,126.9691692125
37.560632051351355,126.96915814204546
37.56067382432433,126.96914671477272
37.56068091081081,126.96914476931818
37.56073618468468,126.96912849886364
37.56073772702703,126.96912797613636
37.56079508378379,126.96910781022727
37.56080892882882,126.96910266704545
37.56110820810811,126.9689863034091
37.56119096486487,126.96894971249999
37.56123743333334,126.96892745795455
37.56127530720721,126.9689081125
37.56136743873875,126.96885935568181
37.56138368378378,126.96885044431819
37.561420570270265,126.96882822159091
37.561432049549545,126.9688214034091
37.56147576666667,126.96879608295454
37.56154048378378,126.96875620795454
37.56158329459459,126.96872801704545
37.56162459369369,126.96870079204545
37.561636748648645,126.96869190568182
37.56171895585585,126.96863558522728
37.5617255,126.96863100113636
37.56178865315315,126.96858598068182
37.56182964234234,126.96855608977273
37.561832081981976,126.96855429431818
37.561872058558556,126.96852442613637
37.56197169279279,126.9684414715909
37.56200426396397,126.96841336931818
37.56204217207207,126.96837863522727
37.56208950540541,126.9683362375
37.56213085495496,126.96829773295455
37.56218368198197,126.96824791704546
37.56222771261262,126.96820482613636
37.56226611621621,126.96816697840909
37.56230332522522,126.96812769659091
37.5623198945946,126.9681099625
37.56238513243244,126.9680408215909
37.56243742072072,126.96798186477272
37.5624617018018,126.96795349659091
37.56251090360361,126.96789489431818
37.56256092702703,126.96783410568182
37.56260401351351,126.96777887613636
37.562643253153155,126.96772747386363
37.56266834144145,126.96769450113636
37.56271633423424,126.96763131704546
37.56278721891892,126.9675298465909
37.56284545855855,126.96744489886365
37.56289797927928,126.96736459204546
37.56297012162162,126.96726998068182
37.563016820720726,126.96720561022727
37.56304414144145,126.9671773625
37.56309824954955,126.96709209886363
37.56312568378378,126.96704290795455
37.5631738945946,126.9669460784091
37.563186800900894,126.96691912840909
37.563213874774775,126.966862725
37.563213874774775,126.966862725
37.563296429729725,126.96669073522727
37.56335286756756,126.96655592613637
37.563415391891894,126.96639031931818
37.5634560981982,126.96627808068182
37.56349223693694,126.96616637613636
37.56352928198198,126.96604567386363
37.56354246576577,126.96599998977273
37.5635649018018,126.96592231931818
37.56359541531531,126.96580915568181
37.56362773063062,126.9656790215909
37.56365753603604,126.96555205795454
37.56368319369369,126.96542602613636
37.563703907207206,126.96531901022728
37.56372373603603,126.9652193715909
37.563740696396394,126.96511623295454
37.563757642342345,126.96501136022727
37.56377438468469,126.9649116465909
37.56379044234234,126.96479332613636
37.56380143153154,126.96470744659091
37.56381628738738,126.96459062159092
37.56383447657658,126.96442594659091
37.56385122072072,126.96424038068182
37.563866561261264,126.96405694659092
37.56387852162163,126.96386348749999
37.56389007117118,126.96366498977272
37.563892004504496,126.96360168522727
37.56389258648648,126.96358871477273
37.56389553783784,126.96348589659091
37.56389596306306,126.96346924659092
37.56389864414415,126.96330465795454
37.56389888918918,126.96328917159092
37.56389901891891,126.96327445568181
37.56390076666666,126.96313740340909
37.56390062072073,126.96307583295454
37.56390026756757,126.96307121477273
37.56389901711711,126.96298222613636
37.56389662792792,126.9628751284091
37.56389569639639,126.9627637034091
37.56389370540541,126.9626925715909
37.56389294144144,126.96263856931819
37.563873521621616,126.96207934431818
37.563868809909906,126.96197043068182
37.563866382882885,126.96193115113637
37.563862827927935,126.96182689204545
37.56385801171171,126.96174206022728
37.563848674774775,126.96157719886364
37.563834103603604,126.96147385340909
37.563833591891886,126.96145618522728
37.56382439189189,126.96130501931817
37.56382001351352,126.96126449204546
37.563812678378376,126.96114514431818
37.56380502072072,126.96104763977273
37.56378742612613,126.96084815113636
37.56375635765767,126.9605051625
37.56371950360361,126.96014083068182
37.56320797027027,126.95561872613636
37.56303700270271,126.95413563068182
37.56293132342343,126.9529961125
37.5628330981982,126.95216499431818
37.56268713963965,126.95107534886363
37.56261907297297,126.9506538875
37.56156745675676,126.94510654431818
37.561528190090094,126.94492790795454
37.561328127027025,126.94134071477274
37.56132421531532,126.94127606022727
37.56130588108108,126.94094070113637
37.56130588108108,126.94094070113637
37.56120057747748,126.93901454204546
37.5611901918919,126.93890189886363
37.56118501891892,126.93881298068182
37.56118403153153,126.93875878295455
37.5611793972973,126.93863001477273
37.56117836126126,126.93859809204545
37.561177975675676,126.93856124431818
37.56117857927928,126.93850134431818
37.56117473963963,126.93823078522728
37.561172163063056,126.93815649204545
37.56116802612613,126.93796303295454
37.561167004504505,126.93777809886363
37.56116701711711,126.93738006931818
37.56117624594595,126.93712454659091
37.56118546756756,126.93682766931818
37.561162665765764,126.93532752840909
37.561161858558556,126.93524111477272
37.56115850360361,126.93489628295454
37.56116964414414,126.93469771931818
37.561149599099096,126.93431762386363
37.5611269936937,126.93294431704545
37.56111937027027,126.93227685113636
37.56118356486487,126.93192215795455
37.561190044144155,126.93188071022728
37.5612190045045,126.93171055113636
37.5612708981982,126.9314432375
37.56130679369369,126.93135593068182
37.56138708558558,126.93111348068182
37.56140624774774,126.93107103522728
37.561520894594594,126.93074166022727
37.561563418918915,126.9306648875
37.5616669990991,126.93040990568183
37.5617274963964,126.93030509886364
37.561927227927924,126.92997393295455
37.562194132432424,126.92958754886364
37.56252815945947,126.9291803215909
37.562926712612615,126.92867861477274
37.56317287117117,126.92837674204546
37.56320337567568,126.9283365534091
37.563331451351345,126.9281705625
37.563372359459464,126.9281095625
37.56338406576577,126.92809167613636
37.563601676576575,126.92785197159091
37.56362777567568,126.92781872159091
37.5636634117117,126.92775993522727
37.56376136126126,126.92765136022727
37.563786209909914,126.92761774886364
37.563851718018014,126.9275485375
37.56397490900901,126.92739598068182
37.56406790900902,126.92728663977273
37.564133907207214,126.92720246477273
37.56422690180181,126.92707516249999
37.56431191621622,126.92695364431817
37.564436910810805,126.92678340795455
37.564464764864866,126.92674717613636
37.564643995495494,126.92651524431818
37.564825242342344,126.92634987386364
37.56502250900901,126.92612149431818
37.56506311621621,126.92606176704545
37.565419274774776,126.92560131477272
37.566048290991,126.9248516909091
37.566030150450445,126.92487797386363
37.56602784774775,126.9248804625
37.56601106756756,126.92490129204545
37.56582744414415,126.92512525795455
37.56564192342342,126.92534735340908
37.5656134990991,126.9253809625
37.565419274774776,126.92560131477272
37.566048290991,126.9248516909091
37.56615054504505,126.92470354090909
37.56615054504505,126.92470354090909
37.56616937927929,126.92467625340909
37.56621028198198,126.92462355113636
37.566366611711715,126.92441121704545
37.56643595225225,126.9243163125
37.56647542072072,126.92426485795454
37.566526170270265,126.92419530795455
37.56659098288288,126.92410386022728
37.566649779279274,126.92401821022727
37.56667533963964,126.92398127613637
37.56673792522523,126.92387470795454
37.56673953063063,126.92387212840909
37.56674448378379,126.92386453295455
37.56678067477477,126.9237969125
37.5668528063063,126.92365492613636
37.56686133603604,126.92364107840909
37.56695980090091,126.92344440568182
37.5669725936937,126.92342228295455
37.56698051081081,126.92340684318182
37.56698051081081,126.92340684318182
37.56700752162161,126.92335416704546
37.56702210900901,126.92332781477272
37.56703894324324,126.92329862386364
37.56714327477477,126.92303185795456
37.567163752252256,126.92297703863636
37.567163752252256,126.92297703863636
37.567302179279274,126.92260645909091
37.567302179279274,126.92260645909091
37.567401454954954,126.92234069204545
