kml_lat,kml_lng,matched_lat,matched_lng,distance,link_id,railway_name
37.555946,126.972317,37.551388739501256,126.97096800425928,0.004752726876425916,TRN210000000054I1,지하철1호선
37.5559419,126.972314,37.551388739501256,126.97096800425928,0.004747944298469174,TRN210000000054I1,지하철1호선
37.5556169,126.972227,37.551388739501256,126.97096800425928,0.004411622318182029,TRN210000000054I1,지하철1호선
37.5547421,126.972115,37.551388739501256,126.97096800425928,0.003544097327073573,TRN210000000054I1,지하철1호선
37.5539121,126.972036,37.551388739501256,126.97096800425928,0.0027400662599325934,TRN210000000054I1,지하철1호선
37.553299,126.971976,37.551388739501256,126.97096800425928,0.00215989596656513,TRN210000000054I1,지하철1호선
37.5526581,126.971895,37.551388739501256,126.97096800425928,0.0015718133410500808,TRN210000000054I1,지하철1호선
37.5521981,126.971822,37.551388739501256,126.97096800425928,0.0011765938730519392,TRN210000000054I1,지하철1호선
37.55172,126.971715,37.551388739501256,126.97096800425928,0.000817151243463516,TRN210000000054I1,지하철1호선
37.5511151,126.9715759,37.551388739501256,126.97096800425928,0.0006666451891710273,TRN210000000054I1,지하철1호선
37.5509161,126.971522,37.55084310640301,126.97081599512198,0.0007097682389193812,TRN210000000054J2,지하철1호선
37.5507081,126.97148,37.55019047656151,126.9713131790977,0.0005438411877716111,TRN210000000054K3,지하철1호선
37.5503289,126.9714061,37.55019047656151,126.9713131790977,0.0001667193522198701,TRN210000000054K3,지하철1호선
37.5499141,126.9713549,37.55019047656151,126.9713131790977,0.0002795078486180201,TRN210000000054K3,지하철1호선
37.549653,126.9713361,37.54953592195915,126.97128975847622,0.00012591586268734237,TRN210000000054K3,지하철1호선
37.549301,126.971318,37.54953592195915,126.97128975847622,0.00023661342006592233,TRN210000000054K3,지하철1호선
37.548553,126.9712939,37.54820682873883,126.97120367489944,0.0003577360910399046,TRN210000000054EX,지하철1호선
37.5477781,126.971271,37.54783772238667,126.97119195960535,9.900612596431161e-05,TRN210000000054EX,지하철1호선
37.5470841,126.971247,37.54692176972994,126.97120131920745,0.0001686352613938388,TRN210000000054EX,지하철1호선
37.546534,126.971232,37.54664703639227,126.97116826857413,0.00012976486666618832,TRN210000000054EX,지하철1호선
37.545687,126.971221,37.54490910769874,126.97120402595137,0.0007780774708751924,TRN210000000054EX,지하철1호선
37.545201,126.971227,37.54490910769874,126.97120402595137,0.0002927950177906359,TRN210000000054EX,지하철1호선
37.5444799,126.971237,37.544303562498015,126.97120596450155,0.00017904780582269947,TRN210000000054EX,지하철1호선
37.5440391,126.9712429,37.54377718659664,126.97119627056853,0.0002660318303073724,TRN210000000054EX,지하철1호선
37.542706,126.9712839,37.542458442008275,126.9712153925741,0.000256862271796873,TRN210000000054EX,지하철1호선
37.54167,126.971321,37.5416775566109,126.97121686774645,0.0001044060754866031,TRN210000000053GY,지하철1호선
37.541003,126.971308,37.54085835086375,126.97122936131922,0.00016464329543868018,TRN210000000053CU,지하철1호선
37.540606,126.971313,37.54085835086375,126.97122936131922,0.00026585031006092256,TRN210000000053CU,지하철1호선
37.540408,126.9713039,37.54085835086375,126.97122936131922,0.0004564777271823711,TRN210000000053CU,지하철1호선
37.539552,126.9713049,37.53948142322023,126.9712357539018,9.880417370071279e-05,TRN210000000053CU,지하철1호선
37.5389391,126.971291,37.538490511192876,126.97121453038659,0.00045505990776101605,TRN210000000053CU,지하철1호선
37.53793,126.971259,37.53788837235865,126.9711741808077,9.448362772769235e-05,TRN210000000053CU,지하철1호선
37.5373081,126.971222,37.53713383350756,126.9710948955975,0.0002156950150551127,TRN210000000053CU,지하철1호선
37.53692,126.971171,37.536917177902566,126.971060759875,0.00011027624129069928,TRN210000000053CU,지하철1호선
37.536369,126.971077,37.53651687472903,126.97101153865962,0.00016171617905727547,TRN210000000053CU,지하철1호선
37.536117,126.9710241,37.53610284140988,126.97093962337904,8.565491907760093e-05,TRN210000000053CU,지하철1호선
37.5359,126.97097,37.535920480957344,126.97089355619202,7.913991022707904e-05,TRN210000000053CU,지하철1호선
37.535529,126.9708509,37.53549479901188,126.97074613798533,0.00011020339063029259,TRN210000000053CU,지하철1호선
37.535285,126.9707521,37.53542357131,126.97069721935341,0.00014904325990780867,TRN210000000053CU,지하철1호선
37.5351219,126.970675,37.535148756122084,126.9705604016249,0.00011770318122407758,TRN210000000053CU,지하철1호선
37.534942,126.9705989,37.535148756122084,126.9705604016249,0.00021030981647170068,TRN210000000053CU,지하철1호선
37.5347061,126.970466,37.534683142823084,126.97026042506083,0.00020685281624370177,TRN210000000053CU,지하철1호선
37.534407,126.9702891,37.534591789637744,126.97019224067536,0.00020863590052364574,TRN210000000053CU,지하철1호선
37.534217,126.9701559,37.534347351746604,126.97002341299955,0.00018586119317749188,TRN210000000053CU,지하철1호선
37.534063,126.970034,37.53418106943717,126.96991032696855,0.00017098365623954975,TRN210000000053CU,지하철1호선
37.5338271,126.9698449,37.533875654698434,126.96970737302404,0.00014584659014514717,TRN210000000053CU,지하철1호선
37.533663,126.969711,37.533808941698446,126.96965992075215,0.00015462234284677122,TRN210000000053CU,지하철1호선
37.533509,126.9695551,37.53361016266109,126.9694415084968,0.00015210822987735432,TRN210000000053CU,지하철1호선
37.533263,126.969309,37.533328920954126,126.96912276362454,0.00019755900317617917,TRN210000000052O5,지하철1호선
37.533218,126.969265,37.533328920954126,126.96912276362454,0.00018037362491979734,TRN210000000052O5,지하철1호선
37.533054,126.9690411,37.533138280339045,126.96888976935124,0.00017321703381731527,TRN210000000052O5,지하철1호선
37.532798,126.968682,37.532965909546874,126.96872386512526,0.0001730500061952588,TRN210000000052O5,지하철1호선
37.532324,126.9680321,37.53236001787652,126.96798156848506,6.205418141735001e-05,TRN210000000052O5,지하철1호선
37.531339,126.9666991,37.53142971182721,126.9666137353571,0.0001245622649611731,TRN210000000052M3,지하철1호선
37.5308919,126.9660831,37.53098976340822,126.96604358256519,0.00010554086565422976,TRN210000000052M3,지하철1호선
37.530081,126.964974,37.52988179060358,126.96451481522199,0.0005005347580113526,TRN210000000052GX,지하철1호선
37.5298709,126.964694,37.52988179060358,126.96451481522199,0.00017951543085564572,TRN210000000052GX,지하철1호선
37.529753,126.964549,37.52988179060358,126.96451481522199,0.0001332502105785507,TRN210000000052GX,지하철1호선
37.5296668,126.9644439,37.52988179060358,126.96451481522199,0.0002263844701763253,TRN210000000052GX,지하철1호선
37.529643,126.9644151,37.52988179060358,126.96451481522199,0.00025877418313289955,TRN210000000052GX,지하철1호선
37.52968,126.9644261,37.52988179060358,126.96451481522199,0.00022043102845901102,TRN210000000052GX,지하철1호선
37.529488,126.9641909,37.52988179060358,126.96451481522199,0.000509894215011005,TRN210000000052GX,지하철1호선
37.529251,126.963843,37.52893750821506,126.96321196213445,0.0007046175466020962,TRN210000000052GX,지하철1호선
37.52874,126.9631491,37.52877408599558,126.96301331921352,0.00013999384654902648,TRN210000000052GX,지하철1호선
37.527883,126.9619729,37.528158193949295,126.96221898731861,0.00036917567376980136,TRN210000000052GX,지하철1호선
37.527318,126.9612,37.52739952618909,126.96133260631493,0.00015566295084166272,TRN210000000052AR,"경부선,1호선"
37.5268249,126.960528,37.52698823642861,126.96071065374106,0.0002450330141724736,TRN210000000052AR,"경부선,1호선"
37.5261681,126.9595869,37.526427251470245,126.95989574645131,0.0004031694619062489,TRN210000000052AR,"경부선,1호선"
37.525849,126.9591609,37.525844481297135,126.95906170593075,9.929693877446979e-05,TRN210000000052AR,"경부선,1호선"
37.52553,126.9587239,37.52545282078296,126.9585091153363,0.00022823032949868436,TRN210000000052AR,"경부선,1호선"
37.525283,126.9583769,37.52535535605228,126.95837276419866,7.247415507705867e-05,TRN210000000052AR,"경부선,1호선"
37.524937,126.957975,37.52505040442969,126.95793332671562,0.00012081898569731151,TRN210000000052AR,"경부선,1호선"
37.524046,126.9570029,37.52423950224525,126.95699414409042,0.00019370024489049898,TRN2100000000523K,"경부선,1호선"
37.523063,126.95593,37.523025238907735,126.95566130285862,0.0002713375275824754,TRN2100000000520H,"경부선,1호선"
37.5221261,126.9549249,37.522156981090525,126.95469778125359,0.00022920856598804235,TRN2100000000520H,"경부선,1호선"
37.5216901,126.9544449,37.52199893432544,126.95455177854602,0.00032680523889307947,TRN2100000000520H,"경부선,1호선"
37.521389,126.9541321,37.521467493516084,126.95400838142025,0.00014651798197209704,TRN2100000000520H,"경부선,1호선"
37.520926,126.9536301,37.52124411110477,126.95383289600505,0.00037725441633363444,TRN210000000051P5,"경부선,1호선"
37.520352,126.953004,37.52032403527916,126.95287589850587,0.00013111833744003596,TRN210000000051P5,"경부선,1호선"
37.519816,126.9524229,37.52032403527916,126.95287589850587,0.0006806669458604462,TRN210000000051P5,"경부선,1호선"
37.519406,126.951988,37.51933785194781,126.95178492311702,0.0002142063897709588,TRN210000000051P5,"경부선,1호선"
37.51846,126.9509831,37.51890540377512,126.95131892839578,0.0005578218661051482,TRN210000000051P5,"경부선,1호선"
37.517842,126.9503359,37.5176110532514,126.94988649601572,0.0005052725420735719,TRN210000000051BR,"경부선,1호선"
37.517232,126.949654,37.51726296759868,126.94950128856551,0.00015581968550035152,TRN2100000000519P,"경부선,1호선"
37.516868,126.949286,37.51726296759868,126.94950128856551,0.00044983171347534617,TRN2100000000519P,"경부선,1호선"
37.516504,126.9488841,37.51608803729361,126.94820091021816,0.0007998582693898124,TRN2100000000519P,"경부선,1호선"
37.516159,126.948527,37.51608803729361,126.94820091021816,0.00033372181756084697,TRN2100000000519P,"경부선,1호선"
37.515922,126.94827,37.51608803729361,126.94820091021816,0.00017983820735011734,TRN2100000000519P,"경부선,1호선"
37.5157671,126.9480909,37.515819785102515,126.94791226555981,0.0001862417333708446,TRN2100000000519P,"경부선,1호선"
37.515585,126.9478559,37.515819785102515,126.94791226555981,0.00024145625006500633,TRN2100000000519P,"경부선,1호선"
37.515467,126.947699,37.51555452246798,126.94760078847708,0.00013155107615040745,TRN2100000000519P,"경부선,1호선"
37.515238,126.947318,37.515212924792664,126.94708740119053,0.00023195813620134801,TRN2100000000519P,"경부선,1호선"
37.5150269,126.946925,37.515212924792664,126.94708740119053,0.00024694001330763566,TRN2100000000519P,"경부선,1호선"
37.514889,126.946599,37.514995054506265,126.94666730737511,0.0001261485465361783,TRN2100000000519P,"경부선,1호선"
37.5147971,126.946363,37.5147835671057,126.94607519237857,0.0002881256083430586,TRN2100000000519P,"경부선,1호선"
37.514695,126.9460701,37.5147835671057,126.94607519237857,8.871338417311987e-05,TRN2100000000519P,"경부선,1호선"
37.514593,126.945687,37.51473178696799,126.9458186527505,0.00019129628642109776,TRN2100000000519P,"경부선,1호선"
37.514527,126.945427,37.51458308985322,126.94518258272565,0.0002507705637276084,TRN2100000000519P,"경부선,1호선"
37.5144511,126.944965,37.514523122820634,126.94485225529915,0.00013378585224128084,TRN2100000000519P,"경부선,1호선"
37.514381,126.9442301,37.51446015722435,126.94433878839075,0.00013445829260820013,TRN2100000000519P,"경부선,1호선"
37.51433,126.9434959,37.51442059372453,126.94384556641877,0.000361211610195538,TRN2100000000519P,"경부선,1호선"
37.51429,126.9430329,37.51433521174984,126.94263565640229,0.00039980817681828254,TRN210000000050P4,"경부선,1호선"
37.514258,126.942513,37.51432661774215,126.94251388961379,6.862350873166325e-05,TRN210000000050P4,"경부선,1호선"
37.5142052,126.9416591,37.514221047411034,126.94145611951532,0.00020359817679568138,TRN210000000050P4,"경부선,1호선"
37.5142049,126.9416541,37.514221047411034,126.94145611951532,0.0001986378896224828,TRN210000000050P4,"경부선,1호선"
37.513985,126.940153,37.51404047229077,126.94009574400691,7.972091186084312e-05,TRN210000000050P4,"경부선,1호선"
37.513908,126.9395991,37.51395016267575,126.93936808832234,0.0002348277803825996,TRN210000000050P4,"경부선,1호선"
37.513859,126.9392039,37.51393277717034,126.93913945620685,9.79595495055062e-05,TRN210000000050P4,"경부선,1호선"
37.51381,126.938798,37.51393277717034,126.93913945620685,0.0003628588909565509,TRN210000000050P4,"경부선,1호선"
37.51376,126.938199,37.513832698266185,126.9383594922861,0.0001761897040237759,TRN210000000050P4,"경부선,1호선"
37.513693,126.936729,37.513737727992506,126.93687833902236,0.000155893351083162,TRN210000000050IX,"경부선,1호선"
37.513634,126.9352479,37.513659197907494,126.93491091520124,0.00033792556744121385,TRN210000000050IX,"경부선,1호선"
37.51361,126.9345131,37.513659197907494,126.93491091520124,0.0004008458162921099,TRN210000000050IX,"경부선,1호선"
37.5135869,126.93405,37.5136191025106,126.93336484604104,0.0006859103069356028,TRN210000000050IX,"경부선,1호선"
37.513574,126.933518,37.5136191025106,126.93336484604104,0.00015965704371744335,TRN210000000050IX,"경부선,1호선"
37.513554,126.9323079,37.51356327762526,126.93153955940095,0.0007683966101447742,TRN210000000050IX,"경부선,1호선"
37.51354,126.931766,37.51356327762526,126.93153955940095,0.00022763390067379117,TRN210000000050IX,"경부선,1호선"
37.513521,126.9307369,37.51354292619886,126.93028825245965,0.00044918300687006975,TRN210000000050IX,"경부선,1호선"
37.51349,126.929221,37.513519674117376,126.92929069995336,7.575379026958338e-05,TRN210000000050IX,"경부선,1호선"
37.513481,126.928294,37.51346781073855,126.9283253141871,3.397844805339745e-05,TRN210000000050ET,지하철1호선
37.513458,126.927729,37.513409716913095,126.92781828585443,0.00010150477960254288,TRN210000000050ET,지하철1호선
37.5134371,126.927356,37.51337749524956,126.92741948213086,8.707874145249656e-05,TRN210000000050ET,지하철1호선
37.513406,126.926904,37.51331367543754,126.92687635090098,9.637581392995257e-05,TRN210000000050DS,지하철1호선
37.513403,126.926666,37.51331367543754,126.92687635090098,0.00022853091476662026,TRN210000000050DS,지하철1호선
37.5134011,126.9264289,37.51326860534439,126.9264309412244,0.00013251037831854334,TRN210000000050DS,지하철1호선
37.513401,126.926424,37.51326860534439,126.9264309412244,0.00013257648897836762,TRN210000000050DS,지하철1호선
37.513388,126.9259081,37.51324991644458,126.92602527997782,0.000181102776012649,TRN210000000050ZE,지하철1호선
37.513385,126.925637,37.51325212736246,126.92560825884695,0.00013594554676119657,TRN210000000050ZE,지하철1호선
37.513408,126.925241,37.5132702531321,126.92526204246563,0.00013934484194279571,TRN210000000050ZE,지하철1호선
37.513424,126.924992,37.51330625319135,126.9249687079597,0.00012002845532624455,TRN210000000050ZE,지하철1호선
37.5134491,126.9247539,37.513376233581546,126.92453809692931,0.00022777286988805747,TRN210000000050ZE,지하철1호선
37.513518,126.9243569,37.51344929437737,126.92422419982319,0.00014943158805714925,TRN210000000050ZE,지하철1호선
37.513622,126.9239931,37.51344929437737,126.92422419982319,0.00028850365745220787,TRN210000000050ZE,지하철1호선
37.5137099,126.923721,37.51364924068745,126.92361012502182,0.00012638359460373787,TRN210000000050ZE,지하철1호선
37.513824,126.9234249,37.51364924068745,126.92361012502182,0.0002546549155867349,TRN210000000050ZE,지하철1호선
37.513904,126.923243,37.513836858335324,126.92316021328776,0.00010659100740059134,TRN210000000050ZE,지하철1호선
37.514037,126.923003,37.51394410755524,126.92295778057894,0.00010331409552582515,TRN210000000050ZE,지하철1호선
37.514188,126.922752,37.514150185119696,126.92261277831776,0.0001442658725401164,TRN210000000050ZE,지하철1호선
37.514482,126.922364,37.51438493758546,126.92226304500913,0.00014004650119813644,TRN210000000050ZE,지하철1호선
37.5151499,126.9215061,37.51500907047514,126.92146614365859,0.00014638806061655033,TRN210000000050ZE,지하철1호선
37.5158531,126.9206129,37.515443461484466,126.92091591987987,0.0005095338664034135,TRN210000000050ZE,지하철1호선
37.516004,126.920396,37.515973362574385,126.92011706594371,0.00028061158137680184,TRN210000000050ZE,지하철1호선
37.516093,126.92027,37.515973362574385,126.92011706594371,0.00019416987196772204,TRN210000000050ZE,지하철1호선
37.516244,126.920008,37.515973362574385,126.92011706594371,0.00029178758750609076,TRN210000000050ZE,지하철1호선
37.5163511,126.9198139,37.51637676208234,126.91945052576068,0.00036427926137299753,TRN210000000050ZE,지하철1호선
37.516536,126.919438,37.51637676208234,126.91945052576068,0.0001597298002962789,TRN210000000050ZE,지하철1호선
37.5166691,126.9191199,37.5165778703614,126.91897475721198,0.0001714330069485983,TRN210000000050ZE,지하철1호선
37.516739,126.918938,37.5165778703614,126.91897475721198,0.00016526903239278426,TRN210000000050ZE,지하철1호선
37.516835,126.918653,37.51670090575819,126.91864008734827,0.00013471452134457339,TRN210000000050ZE,지하철1호선
37.516896,126.9184149,37.51675868297993,126.91846626196194,0.00014660837334455308,TRN210000000050ZE,지하철1호선
37.51694,126.9182669,37.51680866865044,126.91829206905061,0.00013372136884105018,TRN210000000050ZE,지하철1호선
37.5170179,126.917915,37.51688221437492,126.91800168479301,0.00016101193183920527,TRN210000000050ZE,지하철1호선
37.5170519,126.917723,37.51696391278934,126.91767140014042,0.0001020014448279221,TRN210000000050ZE,지하철1호선
37.5170869,126.9175641,37.51696391278934,126.91767140014042,0.00016321511608465366,TRN210000000050ZE,지하철1호선
37.517112,126.9173819,37.51703163702445,126.91706993364237,0.00032215092135597296,TRN210000000050ZE,지하철1호선
37.517129,126.917212,37.51703163702445,126.91706993364237,0.00017222775322223434,TRN210000000050ZE,지하철1호선
37.517145,126.917043,37.51703163702445,126.91706993364237,0.00011651860501949774,TRN210000000050ZE,지하철1호선
37.517153,126.9169289,37.51704612409136,126.91694130505421,0.00010759342553324812,TRN2100000000510G,지하철1호선
37.517169,126.916703,37.51710121679276,126.916499667709,0.00021433288069001939,TRN2100000000511H,지하철1호선
37.517175,126.9163521,37.51710653592853,126.91645702865533,0.00012528907291879695,TRN2100000000512I,지하철1호선
37.517172,126.916047,37.51711663095064,126.91611996200939,9.15925020985446e-05,TRN2100000000512I,지하철1호선
37.51716,126.9157191,37.517110032035724,126.9157030988436,5.2467460964436595e-05,TRN2100000000512I,지하철1호선
37.5171289,126.9152441,37.5171058768139,126.91564297809663,0.00039954199162467024,TRN2100000000512I,지하철1호선
37.517087,126.914623,37.51705363334338,126.91471254796738,9.556239969335115e-05,TRN2100000000512I,지하철1호선
37.5170549,126.9141141,37.516978432094525,126.9138874098613,0.00023923996228181793,TRN2100000000512I,지하철1호선
37.5170139,126.9136061,37.516978432094525,126.9138874098613,0.00028353696476425896,TRN2100000000512I,지하철1호선
37.5169509,126.9126221,37.516859380084384,126.9122188055192,0.00041354846534589427,TRN2100000000512I,지하철1호선
37.516908,126.911854,37.516859380084384,126.9122188055192,0.00036803119844855745,TRN2100000000512I,지하철1호선
37.516887,126.911537,37.516859380084384,126.9122188055192,0.0006823647307413204,TRN2100000000512I,지하철1호선
37.5168669,126.911334,37.51669403907276,126.9105576136942,0.0007953971309989419,TRN2100000000512I,지하철1호선
37.5168281,126.911007,37.51669403907276,126.9105576136942,0.0004689566974200301,TRN2100000000512I,지하철1호선
37.5167901,126.910713,37.51669403907276,126.9105576136942,0.0001826817061847532,TRN2100000000512I,지하철1호선
37.516751,126.910465,37.51669403907276,126.9105576136942,0.00010872830166959301,TRN2100000000512I,지하철1호선
37.516714,126.910296,37.51669403907276,126.9105576136942,0.0002623740909565675,TRN2100000000512I,지하철1호선
37.5166761,126.910138,37.51655753111413,126.90989369455505,0.0002715579701070401,TRN2100000000512I,지하철1호선
37.51661,126.909833,37.51655753111413,126.90989369455505,8.022975131798862e-05,TRN2100000000512I,지하철1호선
37.516545,126.909608,37.51646109218855,126.90959219043101,8.538420986471245e-05,TRN2100000000512I,지하철1호선
37.516499,126.90945,37.51643033810145,126.9095110607337,9.188508863121672e-05,TRN2100000000512I,지하철1호선
37.516434,126.909236,37.51627625286809,126.90922211318085,0.00015835719551584356,TRN2100000000512I,지하철1호선
37.516341,126.9089771,37.51627625286809,126.90922211318085,0.00025342385420060144,TRN2100000000512I,지하철1호선
37.51624,126.908719,37.51627625286809,126.90922211318085,0.0005044176277453025,TRN2100000000512I,지하철1호선
37.516046,126.9082009,37.51559631328148,126.90771709090549,0.0006605220546984921,TRN210000000050WB,지하철1호선
37.5158701,126.907774,37.51559631328148,126.90771709090549,0.0002796387174153663,TRN210000000050WB,지하철1호선
37.515815,126.9076049,37.51559631328148,126.90771709090549,0.0002457858420168231,TRN210000000050WB,지하철1호선
37.515813,126.907605,37.51559631328148,126.90771709090549,0.00024396209762577857,TRN210000000050WB,지하철1호선
37.5156209,126.907099,37.51559631328148,126.90771709090549,0.0006185797233807671,TRN210000000050WB,지하철1호선
37.515427,126.906604,37.51559631328148,126.90771709090549,0.001125894467155446,TRN210000000050WB,지하철1호선
37.515095,126.90576,37.51464155410053,126.90560388383109,0.0004795679742693978,TRN210000000050WB,지하철1호선
37.514727,126.904917,37.51449793173747,126.90528066817221,0.00042979856721239365,TRN210000000050WB,지하철1호선
37.5145699,126.904569,37.5142908581384,126.90478595990551,0.00035346281434403364,TRN210000000050WB,지하철1호선
37.5141841,126.903692,37.51383945647887,126.90370925304896,0.00034507509958869013,TRN210000000050WB,지하철1호선
37.513678,126.9025459,37.51338526303134,126.90258541680356,0.0002953921301990335,TRN210000000050WB,지하철1호선
37.513116,126.9012869,37.51305704884053,126.9015809195203,0.00029987116820062156,TRN210000000050WB,지하철1호선
37.512601,126.900118,37.5124614134776,126.90011632101266,0.00013959661970328833,TRN210000000050WB,지하철1호선
37.512241,126.8992529,37.512201308695424,126.89945828279124,0.0002091829118284438,TRN210000000050WB,지하철1호선
37.511735,126.89805,37.51170409935171,126.89811773509611,7.445060986853095e-05,TRN210000000050WB,지하철1호선
37.5111629,126.896678,37.51117734951656,126.89670259191334,2.8522810707438402e-05,TRN210000000050WB,지하철1호선
37.510629,126.895408,37.510615026846715,126.89531820638648,9.087432004057931e-05,TRN210000000050WB,지하철1호선
37.5102319,126.894452,37.51026054300691,126.89450071983168,5.651587249409894e-05,TRN210000000050WB,지하철1호선
37.509716,126.893238,37.50978890918461,126.8934140840093,0.00019058155086619229,TRN210000000050WB,지하철1호선
37.5094311,126.8925529,37.50945668747262,126.89264062937183,9.138468928859054e-05,TRN21000000004ZZC,지하철1호선
37.5091821,126.891968,37.5091638169966,126.89192803642388,4.394719138081834e-05,TRN21000000004ZYB,지하철1호선
37.50909,126.891766,37.509077838079655,126.89174460087669,2.461371132176374e-05,TRN21000000004ZXA,지하철1호선
37.5090069,126.8915641,37.509077838079655,126.89174460087669,0.0001939401393018802,TRN21000000004ZXA,지하철1호선
37.50885,126.891215,37.50884640603756,126.89125085164865,3.603133742643412e-05,TRN21000000004ZV8,지하철1호선
37.5087491,126.8910019,37.50884640603756,126.89125085164865,0.00026729270156127465,TRN21000000004ZV8,지하철1호선
37.5086389,126.8907661,37.50852277559388,126.89056041267389,0.00023620362786212496,TRN21000000004ZV8,지하철1호선
37.508538,126.890564,37.50852277559388,126.89056041267389,1.564133786756635e-05,TRN21000000004ZV8,지하철1호선
37.508235,126.88998,37.50796217493459,126.88956593208779,0.000495868684463446,TRN21000000004ZV8,지하철1호선
37.5079879,126.889543,37.50796217493459,126.88956593208779,3.446243811470807e-05,TRN21000000004ZV8,지하철1호선
37.507512,126.8887691,37.507545680229846,126.88889765219089,0.00013289102176002542,TRN21000000004ZV8,지하철1호선
37.507155,126.8881751,37.507200070283716,126.88834091793483,0.0001718339837901117,TRN21000000004ZV8,지하철1호선
37.506771,126.8875471,37.5066984019803,126.88754091310724,7.286117008566741e-05,TRN21000000004ZV8,지하철1호선
37.5061939,126.8866171,37.50625426851711,126.88681273739263,0.00020473970610439547,TRN21000000004ZV8,지하철1호선
37.505682,126.885777,37.50570197041788,126.8859101813418,0.00013467029142548564,TRN21000000004ZV8,지하철1호선
37.505169,126.8849471,37.50529152273194,126.885049654123,0.00015977849662262092,TRN21000000004ZV8,지하철1호선
37.504574,126.8839269,37.50464145308918,126.88394535736295,6.993277834224253e-05,TRN21000000004ZV8,지하철1호선
37.504547,126.8838929,37.50464145308918,126.88394535736295,0.00010804240362711903,TRN21000000004ZV8,지하철1호선
37.504218,126.883389,37.50416806671903,126.88324724185239,0.00015029539234829393,TRN21000000004ZV8,지하철1호선
37.503935,126.883032,37.50399706763933,126.88305428674437,6.594763700861129e-05,TRN21000000004ZV8,지하철1호선
37.50378,126.8828421,37.50399706763933,126.88305428674437,0.0003035483067475554,TRN21000000004ZV8,지하철1호선
37.5035789,126.882607,37.503379080485956,126.88235020563444,0.000325378524758045,TRN21000000004ZV8,지하철1호선
37.5032787,126.8822168,37.503379080485956,126.88235020563444,0.0001669530031521038,TRN21000000004ZV8,지하철1호선
37.503278,126.882216,37.503379080485956,126.88235020563444,0.0001680131451876996,TRN21000000004ZV8,지하철1호선
37.50277,126.881771,37.50243489645867,126.88138111293,0.000514107294994085,TRN21000000004Z6J,지하철1호선
37.502487,126.881458,37.50243489645867,126.88138111293,9.287841811760254e-05,TRN21000000004Z6J,지하철1호선
37.5020959,126.8810801,37.502125791343026,126.88106386074283,3.4017728636317396e-05,TRN21000000004Z6J,지하철1호선
37.501442,126.880479,37.501610968715426,126.88048015398535,0.0001689726559999267,TRN21000000004Z6J,지하철1호선
37.500687,126.879778,37.50093498733204,126.87984299243746,0.0002563625046262401,TRN21000000004Z6J,지하철1호선
37.5000779,126.8791311,37.50000034464137,126.87922825726613,0.00012431559844169329,TRN21000000004YU6,지하철1호선
37.4998141,126.878852,37.49985860671212,126.87920129226389,0.00035211636292218165,TRN21000000004YU6,지하철1호선
37.499695,126.8787291,37.49957012602043,126.87914641068956,0.000435593528868808,TRN21000000004YU6,지하철1호선
37.499532,126.8785959,37.49954071690038,126.87914611002353,0.0005502790695171312,TRN21000000004YU6,지하철1호선
37.499351,126.8785079,37.499348429980884,126.87914414749704,0.0006362526876092183,TRN21000000004YU6,지하철1호선
37.499161,126.8784429,37.4991279904953,126.87914189879369,0.00069977777971801,TRN21000000004YU6,지하철1호선
37.4990799,126.8784221,37.4991279904953,126.87914189879369,0.0007214034926067461,TRN21000000004YU6,지하철1호선
37.4989529,126.8784011,37.4991279904953,126.87914189879369,0.0007612092578734423,TRN21000000004YU6,지하철1호선
37.4987729,126.878415,37.49805108029242,126.87818623307797,0.0007572040642167605,TRN21000000004YLX,"경부선,지하철1호선"
37.498566,126.878452,37.49805108029242,126.87818623307797,0.0005794604059765616,TRN21000000004YLX,"경부선,지하철1호선"
37.498171,126.878582,37.497946090941454,126.87826779592123,0.0003864043060403015,TRN21000000004YLX,"경부선,지하철1호선"
37.497569,126.878795,37.49756994358303,126.87896897087461,0.00017397343349637558,TRN21000000004YU6,지하철1호선
37.49642,126.8792081,37.496419368919774,126.87893624254278,0.00027185818970396075,TRN21000000004Y3F,지하철1호선
37.4960961,126.879235,37.49619164034862,126.87894913240004,0.0003014104227106952,TRN21000000004Y3F,지하철1호선
37.495871,126.8792499,37.4958082925228,126.87897082928042,0.00028602918422189895,TRN21000000004Y3F,지하철1호선
37.4957539,126.8792631,37.4958082925228,126.87897082928042,0.00029728895045577327,TRN21000000004Y3F,지하철1호선
37.495457,126.879279,37.4958082925228,126.87897082928042,0.0004673067825109594,TRN21000000004Y3F,지하철1호선
37.49525,126.8793051,37.49483937787681,126.87902566846299,0.0004966814994835597,TRN21000000004Y3F,지하철1호선
37.4948711,126.879333,37.49483937787681,126.87902566846299,0.00030896434542550255,TRN21000000004Y3F,지하철1호선
37.494223,126.879388,37.494206390748936,126.87906874734692,0.00031968441269924363,TRN21000000004Y3F,지하철1호선
37.4932419,126.8794701,37.49332567698337,126.87912635255006,0.0003538091184334195,TRN21000000004Y3F,지하철1호선
37.4929361,126.879486,37.493097242367774,126.87913355580498,0.0003875355122980643,TRN21000000004Y3F,지하철1호선
37.492386,126.879528,37.49264636161291,126.87914777344268,0.00046082578526122496,TRN21000000004Y3F,지하철1호선
37.491306,126.8796231,37.4907062330928,126.87928484954601,0.0006885736798621146,TRN21000000004Y3F,지하철1호선
37.490063,126.8796991,37.49005796058549,126.87940159813613,0.00029754454238708924,TRN21000000004Y3F,지하철1호선
37.4891629,126.879757,37.4887947191586,126.87962909105252,0.0003897663797937789,TRN21000000004Y3F,지하철1호선
37.4884431,126.879824,37.4887947191586,126.87962909105252,0.00040202677833891875,TRN21000000004Y3F,지하철1호선
37.487741,126.8799029,37.487814750207434,126.87991719280494,7.51224158923538e-05,TRN21000000004Y3F,지하철1호선
37.487623,126.8799051,37.48760825758103,126.88002652466675,0.00012231634645896072,TRN21000000004Y3F,지하철1호선
37.487444,126.879941,37.487451379096086,126.88010958805026,0.00016874946443977832,TRN21000000004Y3F,지하철1호선
37.487291,126.88,37.48727516736217,126.8801563960425,0.00015719540238156646,TRN21000000004Y3F,지하철1호선
37.487094,126.880093,37.48706236710986,126.88021819051268,0.0001291251493820122,TRN21000000004Y3F,지하철1호선
37.486932,126.8802089,37.48706169139599,126.88021824812753,0.00013002786502270693,TRN21000000004Y3F,지하철1호선
37.4866449,126.880292,37.486644020098666,126.88036093409862,6.893971409203558e-05,TRN21000000004Y3F,지하철1호선
37.4861331,126.8805029,37.48582491990915,126.88070453954366,0.00036828450139409863,TRN21000000004Y3F,지하철1호선
37.485945,126.880608,37.48582491990915,126.88070453954366,0.00015407501974546166,TRN21000000004Y3F,지하철1호선
37.4855691,126.8808059,37.485560630339286,126.88082464207321,2.0566975002825356e-05,TRN21000000004W5F,지하철1호선
37.485255,126.8809799,37.485299170202026,126.88094306558328,5.7513311518572355e-05,TRN21000000004W5F,지하철1호선
37.485021,126.881074,37.485299170202026,126.88094306558328,0.00030744508903941744,TRN21000000004W5F,지하철1호선
37.4844199,126.8813321,37.484376673784794,126.88136088857291,5.193541769971885e-05,TRN21000000004W5F,지하철1호선
37.4833969,126.8817881,37.48341843207152,126.88177364226206,2.593561816952262e-05,TRN21000000004W5F,지하철1호선
37.4829399,126.881987,37.48299582023339,126.88195771421955,6.312471337656005e-05,TRN21000000004W5F,지하철1호선
37.4826249,126.882116,37.48280433819381,126.88204527675303,0.00019287260836961057,TRN21000000004W5F,지하철1호선
37.4823199,126.8822561,37.48280433819381,126.88204527675303,0.0005283245262951508,TRN21000000004W5F,지하철1호선
37.4820781,126.8823619,37.48157919341158,126.88260550802147,0.0005552050540982882,TRN21000000004VDM,지하철1호선
37.481854,126.882455,37.48157919341158,126.88260550802147,0.00031332303708635917,TRN21000000004VDM,지하철1호선
37.481639,126.8825601,37.48157919341158,126.88260550802147,7.509138720428737e-05,TRN21000000004VDM,지하철1호선
37.4816356,126.8825615,37.48157919341158,126.88260550802147,7.15430581640484e-05,TRN21000000004VDM,지하철1호선
37.4810911,126.882795,37.48157919341158,126.88260550802147,0.0005235860849485398,TRN21000000004VDM,지하철1호선
37.4805439,126.88304,37.48038475625,126.88315167757577,0.00019441865675905984,TRN21000000004VDM,지하철1호선
37.4798889,126.883355,37.47952373666225,126.88353279837514,0.0004061484032223085,TRN21000000004VDM,지하철1호선
37.479243,126.883648,37.47918006821949,126.88368651528097,7.378235470804002e-05,TRN21000000004VDM,지하철1호선
37.478364,126.8840449,37.47798864760456,126.88420793517606,0.00040923085097880897,TRN21000000004VDM,지하철1호선
37.477763,126.884314,37.47768592760824,126.88434018509376,8.139909524652615e-05,TRN21000000004VDM,지하철1호선
37.4769369,126.8846771,37.47649712888337,126.88486912639436,0.00047986745164466744,TRN21000000004VDM,지하철1호선
37.47586,126.885134,37.47600622910056,126.88508710015003,0.00015356609579795328,TRN21000000004VDM,지하철1호선
37.4752229,126.8854031,37.47500063369042,126.88553179739351,0.00025683716917294897,TRN21000000004VDM,지하철1호선
37.4745319,126.8857071,37.47500063369042,126.88553179739351,0.0005004420809409521,TRN21000000004VDM,지하철1호선
37.473733,126.886058,37.47333793611881,126.88627800126727,0.0004521902562216978,TRN21000000004VDM,지하철1호선
37.4725941,126.8865499,37.47333793611881,126.88627800126727,0.0007919729114721299,TRN21000000004VDM,지하철1호선
37.4714451,126.887064,37.47085705158326,126.88737396589205,0.0006647403964457328,TRN21000000004VDM,지하철1호선
37.470727,126.887369,37.47085705158326,126.88737396589205,0.0001301463575859856,TRN21000000004VDM,지하철1호선
37.469085,126.888083,37.46926844207467,126.88808110774161,0.00018345183401012737,TRN21000000004VDM,지하철1호선
37.4682949,126.8884341,37.46926844207467,126.88808110774161,0.0010355615412144371,TRN21000000004VDM,지하철1호선
37.467613,126.8887261,37.46714146659873,126.88898471117436,0.0005377950241628844,TRN21000000004VDM,지하철1호선
37.466904,126.889042,37.46693184158086,126.88909476470893,5.965960218409609e-05,TRN21000000004VDM,지하철1호선
37.466518,126.889195,37.46620944156052,126.88942208618934,0.0003831141448217754,TRN21000000004T4B,경부선
37.466276,126.889311,37.46620944156052,126.88942208618934,0.00012949968079797357,TRN21000000004T4B,경부선
37.466106,126.8893929,37.46620944156052,126.88942208618934,0.00010748018464182732,TRN21000000004T4B,경부선
37.465971,126.88944,37.46598028136427,126.88952279820033,8.331677923391805e-05,TRN21000000004T3A,경부선
37.465729,126.8895571,37.46574145610458,126.88962775635063,7.174590180343452e-05,TRN21000000004T3A,경부선
37.465433,126.8896739,37.46574145610458,126.88962775635063,0.0003118884493409526,TRN21000000004T3A,경부선
37.465199,126.889791,37.46507247857198,126.88992255006671,0.00018251874369202458,TRN21000000004T3A,경부선
37.465038,126.8898611,37.46507247857198,126.88992255006671,7.046192322551604e-05,TRN21000000004T3A,경부선
37.46414,126.8902469,37.46424909662671,126.89025718305506,0.00010958017695087923,TRN21000000004T3A,경부선
37.462965,126.890762,37.462323074987964,126.89107844917453,0.0007156869435282312,TRN21000000004T3A,경부선
37.461744,126.8913,37.46163413517539,126.89136373713572,0.00012701457458666734,TRN21000000004T3A,경부선
37.460937,126.8916621,37.46051706237641,126.89180258913707,0.0004428146399346359,TRN21000000004T3A,경부선
37.460076,126.8920479,37.46051706237641,126.89180258913707,0.0005046914298384733,TRN21000000004T3A,경부선
37.458514,126.8927271,37.457609113629616,126.8929845943196,0.0009408095811238411,TRN21000000004T3A,경부선
37.4572849,126.8932761,37.457609113629616,126.8929845943196,0.00043599316431819547,TRN21000000004T3A,경부선
37.456531,126.893615,37.45587173310816,126.8938353711264,0.0006951232034861981,TRN21000000004STZ,경부선
37.456208,126.893755,37.45587173310816,126.8938353711264,0.00034573825432515225,TRN21000000004STZ,경부선
37.4556531,126.8940115,37.45587173310816,126.8938353711264,0.00028075223258555026,TRN21000000004STZ,경부선
37.455652,126.894012,37.45587173310816,126.8938353711264,0.00028192268055672576,TRN21000000004STZ,경부선
37.455032,126.89427,37.45513625638192,126.89419200154757,0.0001302042693364197,TRN21000000004STZ,경부선
37.4546459,126.894422,37.45513625638192,126.89419200154757,0.0005416167181794108,TRN21000000004STZ,경부선
37.4537219,126.894798,37.45513625638192,126.89419200154757,0.0015387131309729483,TRN21000000004STZ,경부선
37.452887,126.8951491,37.4521833111733,126.89553004489636,0.0008001855902747021,TRN21000000004STZ,경부선
37.450052,126.896411,37.45000031531922,126.89649697430062,0.00010031394017618659,TRN21000000004SMS,경부선
37.44709,126.8977209,37.447054352444844,126.89722197407545,0.0005001977872533096,TRN21000000004SLR,경부고속철도
37.44596,126.898212,37.44512179505972,126.89803552093278,0.0008565818017426243,TRN21000000004SLR,경부고속철도
37.4451411,126.898382,37.44506930647453,126.89869199709275,0.0003182019921638768,TRN21000000004SMS,경부선
37.444565,126.898481,37.444831249442494,126.89879899257224,0.0004147385219948195,TRN21000000004SMS,경부선
37.44389,126.8985249,37.44382280163774,126.89846218100185,9.192003383617708e-05,TRN21000000004SLR,경부고속철도
37.443331,126.898533,37.44339660253554,126.89856669980108,7.375207971581764e-05,TRN21000000004SLR,경부고속철도
37.4427361,126.8984619,37.4426190471492,126.89859970663112,0.00018080939538445926,TRN21000000004SLR,경부고속철도
37.442141,126.898381,37.44179105944311,126.89842050701627,0.0003521635950649817,TRN21000000004RW1,경부고속철도
37.441843,126.898306,37.44179105944311,126.89842050701627,0.00012573654291128634,TRN21000000004RW1,경부고속철도
37.4413639,126.898166,37.44179105944311,126.89842050701627,0.0004972313457225087,TRN21000000004RW1,경부고속철도
37.440839,126.8979821,37.44078178140705,126.89804681250628,8.638099240634884e-05,TRN21000000004RW1,경부고속철도
37.439282,126.897191,37.43859653394797,126.89686540226128,0.0007588659934017275,TRN21000000004RW1,경부고속철도
37.4371811,126.896035,37.43798667268319,126.89653570571018,0.0009485006885139853,TRN21000000004RW1,경부고속철도
37.4348901,126.8947919,37.4340448998077,126.89440489583127,0.0009295889369333526,TRN21000000004RW1,경부고속철도
37.431964,126.893196,37.4340448998077,126.89440489583127,0.00240656874835344,TRN21000000004RW1,경부고속철도
37.429157,126.891679,37.42854820674106,126.89204378246984,0.0007097150712992322,TRN21000000004RQV,경부고속철도
37.424937,126.889391,37.425000615513,126.88942087509137,7.028125339415676e-05,TRN21000000004R16,경부고속철도
37.421359,126.887444,37.42164749987268,126.88759827795477,0.0003271603029999466,TRN21000000004QRV,경부고속철도
37.419493,126.8864321,37.41956225778762,126.88648302890081,8.596740128676773e-05,TRN21000000004QRV,경부고속철도
37.417664,126.885431,37.416404727297554,126.88475778390712,0.0014279312472388194,TRN21000000004QLP,경부고속철도
37.4170659,126.885112,37.416404727297554,126.88475778390712,0.0007500789177925068,TRN21000000004QLP,경부고속철도
37.4164798,126.8847944,37.416404727297554,126.88475778390712,8.35263366273253e-05,TRN21000000004QLP,경부고속철도
37.416481,126.884791,37.416404727297554,126.88475778390712,8.319154984007459e-05,TRN21000000004QLP,경부고속철도
