timestamp,accel_x,accel_y,accel_z,gyro_x,gyro_y,gyro_z,gps_available,gps_lat,gps_lng,gps_alt,satellites
2025-09-23T10:43:04.420635,-0.007,0.031,0.257,0.7,-0.061,-17.281,True,37.552466,126.971631,0.0,0
2025-09-23T10:43:05.382135,-0.005,-0.016,0.24,0.219,-54.11,37.109,True,37.552507,126.971631,0.0,0
2025-09-23T10:43:06.343635,0.001,0.005,0.259,0.192,-0.341,-0.219,True,37.552551,126.971631,0.0,0
2025-09-23T10:43:07.305135,-0.001,0.004,0.259,0.464,-0.368,-0.236,True,37.55258,126.971615,0.0,0
2025-09-23T10:43:08.266635,0.001,0.005,0.259,0.271,-0.376,-0.192,True,37.552604,126.971598,0.0,0
2025-09-23T10:43:09.228135,0.001,0.004,0.26,0.236,-0.394,-0.228,True,37.552604,126.971598,0.0,0
2025-09-23T10:43:10.189635,0.0,0.003,0.258,0.472,-0.324,-0.201,True,37.552539,126.971647,0.0,0
2025-09-23T10:43:11.151135,0.001,0.003,0.258,0.394,-0.368,-0.219,True,37.552657,126.971598,0.0,0
2025-09-23T10:43:12.112635,0.0,0.002,0.26,0.376,-0.341,-0.245,True,37.552734,126.971549,0.0,0
2025-09-23T10:43:13.074135,-0.001,0.002,0.258,0.516,-0.368,-0.236,True,37.552791,126.971549,0.0,0
2025-09-23T10:43:14.035635,0.001,0.005,0.258,0.621,-0.35,-0.245,True,37.55282,126.971549,0.0,0
2025-09-23T10:43:14.997135,0.0,0.001,0.257,0.507,-0.359,-0.254,True,37.55282,126.971549,0.0,0
2025-09-23T10:43:15.958635,-0.001,-0.003,0.258,0.438,-0.333,-0.236,True,37.552828,126.971566,0.0,0
2025-09-23T10:43:16.920135,0.001,0.001,0.259,0.324,-0.359,-0.228,True,37.552856,126.971582,0.0,0
2025-09-23T10:43:17.881635,0.001,0.003,0.258,0.341,-0.368,-0.201,True,37.552901,126.971598,0.0,0
2025-09-23T10:43:18.843135,-0.0,-0.001,0.259,0.499,-0.376,-0.245,True,37.552905,126.971598,0.0,0
2025-09-23T10:43:19.804635,-0.0,0.001,0.26,0.341,-0.359,-0.245,True,37.552897,126.971598,0.0,0
2025-09-23T10:43:20.766135,0.0,-0.0,0.259,0.455,-0.324,-0.21,True,37.552885,126.971598,0.0,0
2025-09-23T10:43:21.727635,0.001,0.0,0.257,0.472,-0.333,-0.236,True,37.552869,126.971598,0.0,0
2025-09-23T10:43:22.689135,-0.001,-0.0,0.257,0.621,-0.333,-0.228,True,37.552852,126.971615,0.0,0
2025-09-23T10:43:23.650635,0.0,-0.003,0.256,0.49,-0.376,-0.192,True,37.552844,126.971615,0.0,0
2025-09-23T10:43:24.612135,0.007,0.001,0.259,1.304,1.969,-3.544,True,37.55284,126.971615,0.0,0
2025-09-23T10:43:25.573635,0.002,-0.004,0.259,0.516,-0.359,-0.262,True,37.552828,126.971631,0.0,0
2025-09-23T10:43:26.535135,0.002,-0.004,0.259,0.429,-0.368,-0.245,True,37.55282,126.971631,0.0,0
2025-09-23T10:43:27.496635,0.003,-0.004,0.259,0.359,-0.385,-0.236,True,37.55282,126.971615,0.0,0
2025-09-23T10:43:28.458135,0.002,-0.003,0.258,0.481,-0.368,-0.236,True,37.552828,126.971566,0.0,0
2025-09-23T10:43:29.419635,0.002,-0.004,0.258,0.499,-0.333,-0.21,True,37.552832,126.971549,0.0,0
2025-09-23T10:43:30.381135,0.002,-0.004,0.258,0.788,-0.324,-0.254,True,37.552836,126.971533,0.0,0
2025-09-23T10:43:31.342635,0.001,-0.005,0.259,0.551,-0.359,-0.254,True,37.552836,126.971517,0.0,0
2025-09-23T10:43:32.304135,0.002,-0.004,0.259,0.49,-0.35,-0.254,True,37.552844,126.971517,0.0,0
2025-09-23T10:43:33.265635,0.002,-0.003,0.259,0.534,-0.333,-0.228,True,37.552848,126.971517,0.0,0
2025-09-23T10:43:34.227135,0.002,-0.004,0.258,0.42,-0.368,-0.236,True,37.552856,126.971501,0.0,0
2025-09-23T10:43:35.188635,0.001,-0.003,0.258,0.429,-0.341,-0.236,True,37.552861,126.971484,0.0,0
2025-09-23T10:43:36.150135,0.001,-0.003,0.259,0.525,-0.359,-0.254,True,37.552865,126.971468,0.0,0
2025-09-23T10:43:37.111635,0.002,-0.004,0.259,0.481,-0.341,-0.21,True,37.552869,126.971468,0.0,0
2025-09-23T10:43:38.073135,0.002,-0.004,0.258,0.595,-0.333,-0.219,True,37.552869,126.971452,0.0,0
2025-09-23T10:43:39.034635,0.002,-0.004,0.259,0.376,-0.368,-0.228,True,37.552873,126.971436,0.0,0
2025-09-23T10:43:39.996135,0.001,-0.004,0.258,0.438,-0.385,-0.21,True,37.552873,126.971436,0.0,0
2025-09-23T10:43:40.957635,0.003,-0.004,0.259,0.341,-0.376,-0.201,True,37.552873,126.971436,0.0,0
2025-09-23T10:43:41.919135,0.0,-0.003,0.258,0.656,-0.315,-0.262,True,37.552873,126.971436,0.0,0
2025-09-23T10:43:42.880635,0.001,-0.003,0.258,0.604,-0.306,-0.228,True,37.552873,126.971436,0.0,0
2025-09-23T10:43:43.842135,0.002,-0.003,0.258,0.315,-0.385,-0.228,True,37.552873,126.971436,0.0,0
2025-09-23T10:43:44.803635,0.001,-0.005,0.259,0.438,-0.368,-0.219,True,37.552873,126.971436,0.0,0
2025-09-23T10:43:45.765135,0.0,-0.003,0.258,0.446,-0.385,-0.236,True,37.552873,126.971436,0.0,0
2025-09-23T10:43:46.726635,0.003,-0.004,0.259,0.359,-0.385,-0.228,True,37.552873,126.971436,0.0,0
2025-09-23T10:43:47.688135,0.002,-0.004,0.259,0.464,-0.324,-0.254,True,37.552873,126.971436,0.0,0
2025-09-23T10:43:48.649635,0.002,-0.004,0.259,0.254,-0.394,-0.21,True,37.552873,126.971436,0.0,0
2025-09-23T10:43:49.611135,0.002,-0.005,0.257,0.42,-0.385,-0.245,True,37.552873,126.971419,0.0,0
2025-09-23T10:43:50.572635,0.002,-0.005,0.259,0.438,-0.306,-0.289,True,37.552869,126.971419,0.0,0
2025-09-23T10:43:51.534135,0.002,-0.005,0.259,0.464,-0.376,-0.236,True,37.552869,126.971419,0.0,0
2025-09-23T10:43:52.495635,0.001,-0.005,0.259,0.446,-0.341,-0.262,True,37.552869,126.971419,0.0,0
2025-09-23T10:43:53.457135,0.001,-0.003,0.259,0.271,-0.333,-0.184,True,37.552869,126.971419,0.0,0
2025-09-23T10:43:54.418635,0.002,-0.005,0.258,0.394,-0.368,-0.236,True,37.552869,126.971419,0.0,0
2025-09-23T10:43:55.380135,0.001,-0.004,0.258,0.464,-0.35,-0.245,True,37.552869,126.971419,0.0,0
2025-09-23T10:43:56.341635,0.002,-0.004,0.258,0.446,-0.341,-0.245,True,37.552869,126.971419,0.0,0
2025-09-23T10:43:57.303135,0.002,-0.003,0.259,0.341,-0.385,-0.236,True,37.552865,126.971436,0.0,0
2025-09-23T10:43:58.264635,0.002,-0.003,0.258,0.49,-0.368,-0.254,True,37.552869,126.971436,0.0,0
2025-09-23T10:43:59.226135,0.002,-0.004,0.259,0.516,-0.359,-0.254,True,37.552869,126.971436,0.0,0
2025-09-23T10:44:00.187635,0.003,-0.004,0.259,0.333,-0.376,-0.201,True,37.552865,126.971436,0.0,0
2025-09-23T10:44:01.149135,0.003,-0.004,0.259,0.35,-0.376,-0.228,True,37.552865,126.971436,0.0,0
2025-09-23T10:44:02.110635,0.001,-0.003,0.258,0.464,-0.359,-0.219,True,37.552861,126.971436,0.0,0
2025-09-23T10:44:03.072135,0.002,-0.005,0.258,0.455,-0.315,-0.219,True,37.552856,126.971436,0.0,0
2025-09-23T10:44:04.033635,0.002,-0.004,0.259,0.438,-0.333,-0.228,True,37.552856,126.971452,0.0,0
2025-09-23T10:44:04.995135,0.002,-0.003,0.258,0.429,-0.368,-0.228,True,37.552852,126.971452,0.0,0
2025-09-23T10:44:05.956635,0.002,-0.004,0.258,0.411,-0.376,-0.245,True,37.552852,126.971452,0.0,0
2025-09-23T10:44:06.918135,0.002,-0.004,0.259,0.455,-0.35,-0.228,True,37.552848,126.971452,0.0,0
2025-09-23T10:44:07.879635,0.001,-0.003,0.259,0.499,-0.368,-0.228,True,37.552848,126.971452,0.0,0
2025-09-23T10:44:08.841135,0.0,-0.003,0.259,0.534,-0.385,-0.219,True,37.552844,126.971452,0.0,0
2025-09-23T10:44:09.802635,0.002,-0.005,0.259,0.403,-0.394,-0.236,True,37.55284,126.971468,0.0,0
2025-09-23T10:44:10.764135,0.002,-0.002,0.259,0.464,-0.359,-0.21,True,37.552836,126.971468,0.0,0
2025-09-23T10:44:11.725635,0.002,-0.002,0.259,0.157,-0.341,-0.192,True,37.552836,126.971468,0.0,0
2025-09-23T10:44:12.687135,0.002,-0.002,0.258,0.228,-0.333,-0.245,True,37.552832,126.971468,0.0,0
2025-09-23T10:44:13.648635,0.002,-0.0,0.257,0.359,-0.35,-0.245,True,37.55282,126.971468,0.0,0
2025-09-23T10:44:14.610135,0.002,-0.001,0.266,0.411,-0.376,-0.192,True,37.552804,126.971468,0.0,0
2025-09-23T10:44:15.571635,0.001,0.002,0.257,0.455,-0.368,-0.228,True,37.552791,126.971468,0.0,0
2025-09-23T10:44:16.533135,0.002,0.001,0.258,0.368,-0.35,-0.228,True,37.552759,126.971468,0.0,0
2025-09-23T10:44:17.494635,0.001,0.003,0.258,0.429,-0.359,-0.228,True,37.552722,126.971452,0.0,0
2025-09-23T10:44:18.456135,0.002,0.003,0.259,0.35,-0.341,-0.236,True,37.552665,126.971452,0.0,0
2025-09-23T10:44:19.417635,0.003,0.001,0.259,0.42,-0.359,-0.254,True,37.552604,126.971452,0.0,0
2025-09-23T10:44:20.379135,0.002,0.002,0.258,0.446,-0.385,-0.219,True,37.552543,126.971452,0.0,0
2025-09-23T10:44:21.340635,0.003,0.001,0.259,0.376,-0.403,-0.245,True,37.552409,126.971452,0.0,0
2025-09-23T10:44:22.302135,0.001,0.001,0.259,0.472,-0.429,-0.219,True,37.552246,126.971452,0.0,0
2025-09-23T10:44:23.263635,0.001,0.001,0.259,0.525,-0.403,-0.228,True,37.552071,126.971419,0.0,0
2025-09-23T10:44:24.225135,0.003,0.001,0.258,0.315,-0.368,-0.262,True,37.551876,126.971387,0.0,0
2025-09-23T10:44:25.186635,0.002,0.001,0.26,0.254,-0.368,-0.236,True,37.551737,126.971403,0.0,0
2025-09-23T10:44:26.148135,0.002,0.002,0.259,0.604,-0.341,-0.298,True,37.551514,126.971403,0.0,0
2025-09-23T10:44:27.109635,0.003,0.003,0.259,0.324,-0.262,-0.744,True,37.551278,126.971387,0.0,0
2025-09-23T10:44:28.071135,0.002,0.002,0.251,0.341,-0.464,-0.569,True,37.551025,126.971354,0.0,0
2025-09-23T10:44:29.032635,0.002,0.001,0.267,0.429,-0.35,-0.298,True,37.550749,126.971322,0.0,0
2025-09-23T10:44:29.994135,-0.006,-0.005,0.263,0.534,-0.254,-0.052,True,37.550557,126.971305,0.0,0
2025-09-23T10:44:30.955635,0.0,-0.005,0.264,0.543,-0.079,0.394,True,37.55026,126.971289,0.0,0
2025-09-23T10:44:31.917135,0.005,-0.005,0.259,0.569,-0.472,-0.219,True,37.549967,126.971273,0.0,0
2025-09-23T10:44:32.878635,0.002,-0.005,0.257,0.534,-0.306,-0.245,True,37.549674,126.971273,0.0,0
2025-09-23T10:44:33.840135,0.001,-0.006,0.258,0.403,-0.385,-0.254,True,37.549386,126.971273,0.0,0
2025-09-23T10:44:34.801635,-0.0,-0.008,0.253,0.28,-0.516,-0.228,True,37.549093,126.971289,0.0,0
2025-09-23T10:44:35.763135,0.005,-0.005,0.262,0.403,-0.236,-0.21,True,37.548901,126.971289,0.0,0
2025-09-23T10:44:36.724635,0.003,-0.003,0.255,0.403,-0.333,-0.219,True,37.548617,126.971289,0.0,0
2025-09-23T10:44:37.686135,-0.0,-0.004,0.253,0.499,-0.333,-0.219,True,37.548328,126.971289,0.0,0
2025-09-23T10:44:38.647635,0.002,-0.004,0.258,0.525,-0.385,-0.21,True,37.548039,126.971289,0.0,0
2025-09-23T10:44:39.609135,-0.0,-0.006,0.255,0.455,-0.359,-0.21,True,37.54775,126.971289,0.0,0
2025-09-23T10:44:40.570635,0.002,-0.005,0.254,0.385,-0.262,-0.245,True,37.547559,126.971273,0.0,0
2025-09-23T10:44:41.532135,0.002,-0.007,0.256,0.481,-0.429,-0.254,True,37.547266,126.971289,0.0,0
2025-09-23T10:44:42.493635,-0.0,-0.006,0.257,0.472,-0.315,-0.21,True,37.546969,126.971289,0.0,0
2025-09-23T10:44:43.455135,0.001,-0.004,0.257,0.35,-0.376,-0.192,True,37.546667,126.971289,0.0,0
2025-09-23T10:44:44.416635,0.005,-0.005,0.262,0.376,-0.543,-0.228,True,37.546366,126.971289,0.0,0
2025-09-23T10:44:45.378135,0.003,-0.005,0.26,0.298,-0.446,-0.228,True,37.546053,126.971289,0.0,0
2025-09-23T10:44:46.339635,0.003,-0.004,0.262,0.455,-0.298,-0.219,True,37.54585,126.971289,0.0,0
2025-09-23T10:44:47.301135,0.003,-0.004,0.257,0.543,-0.359,-0.219,True,37.545536,126.971289,0.0,0
2025-09-23T10:44:48.262635,0.007,-0.004,0.261,0.63,-0.472,-0.184,True,37.545215,126.971273,0.0,0
2025-09-23T10:44:49.224135,0.003,-0.005,0.26,0.569,-0.438,-0.228,True,37.544881,126.971273,0.0,0
2025-09-23T10:44:50.185635,0.003,-0.007,0.255,0.21,-0.306,-0.236,True,37.544539,126.971273,0.0,0
2025-09-23T10:44:51.147135,0.002,-0.006,0.255,0.368,-0.368,-0.175,True,37.544312,126.971273,0.0,0
2025-09-23T10:44:52.108635,-0.002,-0.005,0.256,0.438,-0.411,-0.262,True,37.543966,126.971273,0.0,0
2025-09-23T10:44:53.070135,0.002,-0.003,0.257,0.394,-0.394,-0.228,True,37.543612,126.971273,0.0,0
2025-09-23T10:44:54.031635,0.002,-0.004,0.258,0.236,-0.324,-0.236,True,37.54325,126.971289,0.0,0
2025-09-23T10:44:54.993135,0.001,-0.004,0.26,0.49,-0.333,-0.236,True,37.542883,126.971289,0.0,0
2025-09-23T10:44:55.954635,-0.0,-0.004,0.26,0.49,-0.333,-0.21,True,37.542505,126.971289,0.0,0
2025-09-23T10:44:56.916135,0.001,-0.005,0.259,0.385,-0.271,-0.245,True,37.542257,126.971289,0.0,0
2025-09-23T10:44:57.877635,0.002,-0.006,0.251,0.411,-0.56,-0.192,True,37.541874,126.971289,0.0,0
2025-09-23T10:44:58.839135,0.003,-0.007,0.252,0.56,-0.543,-0.262,True,37.541492,126.971273,0.0,0
2025-09-23T10:44:59.800635,0.002,-0.001,0.272,0.525,-0.315,-0.201,True,37.541097,126.971257,0.0,0
2025-09-23T10:45:00.762135,0.002,-0.001,0.268,0.42,-0.42,-0.236,True,37.54069,126.971257,0.0,0
2025-09-23T10:45:01.723635,0.002,-0.002,0.25,0.341,-0.21,-0.21,True,37.540409,126.971273,0.0,0
2025-09-23T10:45:02.685135,0.003,-0.002,0.257,0.647,-0.438,-0.254,True,37.539974,126.971273,0.0,0
2025-09-23T10:45:03.646635,0.001,0.001,0.257,0.455,-0.289,-0.271,True,37.539526,126.971273,0.0,0
2025-09-23T10:45:04.608135,0.001,-0.001,0.257,0.149,-0.28,-0.298,True,37.539058,126.971273,0.0,0
2025-09-23T10:45:05.569635,0.001,0.002,0.262,0.543,0.009,-0.403,True,37.538566,126.971273,0.0,0
2025-09-23T10:45:06.531135,-0.004,0.001,0.262,0.613,-0.306,-0.507,True,37.538053,126.971257,0.0,0
2025-09-23T10:45:07.492635,0.0,0.0,0.254,0.271,-0.656,-0.455,True,37.537699,126.97124,0.0,0
2025-09-23T10:45:08.454135,0.004,0.0,0.256,0.499,-0.455,-0.376,True,37.537154,126.971191,0.0,0
2025-09-23T10:45:09.415635,0.006,0.001,0.26,0.394,-0.192,-0.411,True,37.536597,126.97111,0.0,0
2025-09-23T10:45:10.377135,0.009,-0.007,0.261,0.333,0.035,-1.173,True,37.536015,126.970996,0.0,0
2025-09-23T10:45:11.338635,0.006,-0.007,0.259,0.411,-0.123,-1.496,True,37.535433,126.970833,0.0,0
2025-09-23T10:45:12.300135,0.003,-0.006,0.261,0.683,-0.359,-1.47,True,37.534875,126.970573,0.0,0
2025-09-23T10:45:13.261635,0.008,-0.005,0.258,0.656,-0.262,-1.47,True,37.534509,126.970361,0.0,0
2025-09-23T10:45:14.223135,0.005,-0.004,0.261,0.647,-0.779,-1.47,True,37.53398,126.969987,0.0,0
2025-09-23T10:45:15.184635,0.006,-0.007,0.257,0.385,-0.683,-1.173,True,37.533508,126.969515,0.0,0
2025-09-23T10:45:16.146135,0.003,-0.004,0.258,0.7,-0.429,-0.639,True,37.533073,126.96901,0.0,0
2025-09-23T10:45:17.107635,0.006,-0.003,0.26,0.752,-0.569,-0.157,True,37.532658,126.968457,0.0,0
2025-09-23T10:45:18.069135,0.001,-0.007,0.264,0.21,-0.087,-0.271,True,37.532381,126.968083,0.0,0
2025-09-23T10:45:19.030635,-0.0,-0.005,0.257,0.499,-0.472,-0.262,True,37.53197,126.967529,0.0,0
2025-09-23T10:45:19.992135,0.0,-0.003,0.255,0.709,-0.42,-0.219,True,37.531563,126.96696,0.0,0
2025-09-23T10:45:20.953635,0.004,-0.005,0.253,0.455,-0.228,-0.254,True,37.531156,126.966406,0.0,0
2025-09-23T10:45:21.915135,-0.001,-0.005,0.257,0.14,-0.446,-0.236,True,37.53075,126.965853,0.0,0
2025-09-23T10:45:22.876635,0.003,-0.007,0.259,0.271,-0.052,-0.271,True,37.530375,126.965283,0.0,0
2025-09-23T10:45:27.684135,0.002,-0.006,0.257,0.543,-0.35,-0.192,True,37.52878,126.963232,0.0,0
2025-09-23T10:45:28.645635,0.001,-0.004,0.258,0.551,-0.289,-0.271,True,37.528296,126.962565,0.0,0
2025-09-23T10:45:29.607135,0.002,-0.006,0.259,0.455,-0.403,-0.28,True,37.528023,126.962174,0.0,0
2025-09-23T10:45:30.568635,0.0,-0.005,0.258,0.49,-0.359,-0.236,True,37.52762,126.961605,0.0,0
2025-09-23T10:45:31.530135,0.003,-0.003,0.258,0.262,-0.499,-0.201,True,37.527222,126.961051,0.0,0
2025-09-23T10:45:32.491635,0.005,-0.003,0.26,0.822,-0.219,-0.289,True,37.526831,126.960514,0.0,0
2025-09-23T10:45:33.453135,0.003,-0.004,0.261,0.14,-0.035,-0.455,True,37.52644,126.959961,0.0,0
2025-09-23T10:45:34.414635,0.004,-0.002,0.259,0.499,-0.656,-0.219,True,37.526184,126.959603,0.0,0
2025-09-23T10:45:35.376135,0.002,-0.003,0.261,0.289,-0.114,-0.184,True,37.52581,126.959049,0.0,0
2025-09-23T10:45:36.337635,0.004,-0.005,0.261,0.446,-0.796,-0.07,True,37.525439,126.958512,0.0,0
2025-09-23T10:45:37.299135,0.008,-0.003,0.258,0.429,-0.525,0.131,True,37.525069,126.957975,0.0,0
2025-09-23T10:45:38.260635,0.008,-0.004,0.26,0.429,-0.289,0.114,True,37.524687,126.957471,0.0,0
2025-09-23T10:45:39.222135,0.002,-0.006,0.26,0.481,-0.114,0.114,True,37.524414,126.957145,0.0,0
2025-09-23T10:45:40.183635,0.001,-0.005,0.264,0.534,-0.368,-0.114,True,37.524015,126.956689,0.0,0
2025-09-23T10:45:41.145135,0.002,-0.003,0.249,0.647,-0.534,-0.298,True,37.523621,126.956234,0.0,0
2025-09-23T10:45:42.106635,0.001,-0.003,0.267,0.604,-0.306,-0.219,True,37.523222,126.955778,0.0,0
2025-09-23T10:45:43.068135,0.004,-0.002,0.256,0.21,-0.131,-0.219,True,37.522823,126.955322,0.0,0
2025-09-23T10:45:44.029635,0.005,-0.005,0.259,0.219,-0.262,-0.271,True,37.52242,126.954867,0.0,0
2025-09-23T10:45:44.991135,-0.002,-0.003,0.27,0.604,-0.341,-0.254,True,37.522152,126.954557,0.0,0
2025-09-23T10:45:45.952635,0.008,-0.004,0.261,0.525,-0.735,-0.219,True,37.521745,126.954085,0.0,0
2025-09-23T10:45:46.914135,0.003,0.002,0.259,0.516,-0.472,-0.228,True,37.521334,126.953613,0.0,0
2025-09-23T10:45:47.875635,-0.001,0.001,0.262,0.63,-0.446,-0.245,True,37.520915,126.953141,0.0,0
2025-09-23T10:45:48.837135,-0.0,-0.007,0.253,0.28,-0.052,-0.271,True,37.520496,126.952653,0.0,0
2025-09-23T10:45:49.798635,-0.0,-0.006,0.258,0.464,-0.341,-0.289,True,37.520072,126.952148,0.0,0
2025-09-23T10:45:50.760135,0.003,-0.005,0.264,0.438,-0.438,-0.236,True,37.519792,126.951823,0.0,0
2025-09-23T10:45:51.721635,0.002,-0.004,0.262,0.429,-0.709,-0.192,True,37.519377,126.951351,0.0,0
2025-09-23T10:45:52.683135,0.008,-0.007,0.255,0.481,-0.656,-0.201,True,37.518958,126.950879,0.0,0
2025-09-23T10:45:53.644635,0.003,-0.006,0.264,0.35,-0.14,-0.245,True,37.518542,126.950407,0.0,0
2025-09-23T10:45:54.606135,-0.001,-0.004,0.26,0.665,-0.507,-0.271,True,37.518127,126.949919,0.0,0
2025-09-23T10:45:55.567635,0.002,-0.006,0.26,0.28,-0.175,-0.271,True,37.517716,126.949447,0.0,0
2025-09-23T10:45:56.529135,0.003,-0.006,0.261,0.647,-0.21,-0.184,True,37.517436,126.949121,0.0,0
2025-09-23T10:45:57.490635,0.005,-0.006,0.266,0.455,-0.201,-0.236,True,37.517017,126.948633,0.0,0
2025-09-23T10:45:58.452135,-0.006,-0.003,0.259,1.015,-0.262,-0.192,True,37.516606,126.948145,0.0,0
2025-09-23T10:45:59.413635,0.004,-0.005,0.255,0.394,-0.219,-0.403,True,37.516187,126.94764,0.0,0
2025-09-23T10:46:00.375135,0.009,-0.006,0.262,0.42,0.026,-1.225,True,37.515771,126.947152,0.0,0
2025-09-23T10:46:01.336635,0.009,-0.007,0.257,0.543,-0.289,-1.671,True,37.515389,126.946615,0.0,0
2025-09-23T10:46:02.298135,0.01,-0.008,0.254,0.639,-0.438,-1.759,True,37.515173,126.946208,0.0,0
2025-09-23T10:46:03.259635,0.01,-0.005,0.26,0.481,-0.315,-1.776,True,37.514917,126.945557,0.0,0
2025-09-23T10:46:04.221135,0.005,-0.004,0.262,0.788,-1.111,-1.286,True,37.514746,126.944857,0.0,0
2025-09-23T10:46:05.182635,0.005,-0.006,0.26,0.42,-0.752,-0.551,True,37.514644,126.944157,0.0,0
2025-09-23T10:46:06.144135,0.002,-0.005,0.256,0.368,-0.42,-0.21,True,37.514559,126.943441,0.0,0
2025-09-23T10:46:07.105635,0.001,-0.005,0.254,0.446,-0.665,-0.157,True,37.514486,126.942725,0.0,0
2025-09-23T10:46:08.067135,0.001,-0.004,0.253,0.569,-0.438,-0.175,True,37.514449,126.942253,0.0,0
2025-09-23T10:46:09.028635,0.007,-0.006,0.255,0.534,-0.7,-0.114,True,37.514364,126.941553,0.0,0
2025-09-23T10:46:09.990135,-0.002,-0.007,0.26,0.385,-0.105,-0.061,True,37.514286,126.940837,0.0,0
2025-09-23T10:46:10.951635,-0.0,-0.007,0.266,0.438,-0.543,-0.184,True,37.514185,126.94012,0.0,0
2025-09-23T10:46:11.913135,-0.009,-0.005,0.252,-0.613,-0.56,-0.394,True,37.514087,126.939421,0.0,0
2025-09-23T10:46:12.874635,0.008,-0.005,0.258,0.324,-0.009,-0.464,True,37.513993,126.938704,0.0,0
2025-09-23T10:46:13.836135,0.008,-0.007,0.264,0.149,0.175,-1.111,True,37.513944,126.938232,0.0,0
2025-09-23T10:46:14.797635,0.008,-0.006,0.257,0.744,-0.604,-1.514,True,37.5139,126.937516,0.0,0
2025-09-23T10:46:15.759135,0.006,-0.006,0.255,0.849,-0.639,-1.409,True,37.513932,126.9368,0.0,0
2025-09-23T10:46:16.720635,0.002,-0.008,0.261,0.341,-0.796,-0.779,True,37.514038,126.936117,0.0,0
2025-09-23T10:46:17.682135,0.005,-0.007,0.262,0.42,-0.411,-0.184,True,37.514176,126.935417,0.0,0
2025-09-23T10:46:18.643635,-0.005,-0.005,0.255,0.315,-0.875,0.306,True,37.514327,126.934749,0.0,0
2025-09-23T10:46:19.605135,-0.008,-0.007,0.259,0.507,-1.015,0.822,True,37.514417,126.93431,0.0,0
2025-09-23T10:46:20.566635,-0.002,-0.006,0.268,0.674,-0.805,1.286,True,37.514482,126.93361,0.0,0
2025-09-23T10:46:21.528135,0.0,-0.005,0.258,0.464,-0.026,1.26,True,37.514478,126.932894,0.0,0
2025-09-23T10:46:22.489635,-0.009,-0.007,0.263,0.639,-0.052,0.788,True,37.514388,126.932178,0.0,0
2025-09-23T10:46:23.451135,-0.004,-0.003,0.259,0.14,-0.341,0.157,True,37.514242,126.931494,0.0,0
2025-09-23T10:46:24.412635,0.005,-0.003,0.253,0.376,-0.481,-0.184,True,37.514071,126.930794,0.0,0
2025-09-23T10:46:25.374135,0.002,-0.004,0.261,0.394,-0.674,-0.228,True,37.513953,126.930339,0.0,0
2025-09-23T10:46:26.335635,0.003,-0.005,0.257,0.639,-0.385,-0.228,True,37.513786,126.929655,0.0,0
2025-09-23T10:46:27.297135,0.003,-0.003,0.256,0.403,-0.35,-0.21,True,37.513627,126.928955,0.0,0
2025-09-23T10:46:30.181635,0.008,-0.007,0.26,0.796,-0.035,-1.383,True,37.513253,126.927246,0.0,0
2025-09-23T10:46:31.143135,-0.003,-0.003,0.261,0.613,-0.262,-1.365,True,37.513143,126.926481,0.0,0
2025-09-23T10:46:32.104635,-0.005,-0.006,0.26,0.298,-0.315,-1.391,True,37.513127,126.925765,0.0,0
2025-09-23T10:46:33.066135,-0.002,-0.006,0.256,0.551,-0.446,-1.356,True,37.513159,126.925277,0.0,0
2025-09-23T10:46:34.027635,0.004,-0.0,0.268,0.989,-0.28,-1.461,True,37.513265,126.924577,0.0,0
2025-09-23T10:46:34.989135,-0.003,-0.004,0.256,0.385,-0.324,-1.47,True,37.513444,126.923893,0.0,0
2025-09-23T10:46:35.950635,0.003,0.001,0.259,0.507,-0.403,-1.426,True,37.513696,126.923242,0.0,0
2025-09-23T10:46:36.912135,0.007,-0.006,0.259,-0.21,-0.577,-1.356,True,37.514001,126.922607,0.0,0
2025-09-23T10:46:37.873635,0.007,-0.006,0.262,0.298,-0.858,-0.892,True,37.51438,126.922038,0.0,0
2025-09-23T10:46:38.835135,0.001,-0.007,0.264,0.35,-0.298,-0.324,True,37.514644,126.92168,0.0,0
2025-09-23T10:46:39.796635,-0.005,-0.006,0.253,0.674,-0.595,-0.052,True,37.515055,126.921159,0.0,0
2025-09-23T10:46:40.758135,-0.0,-0.005,0.263,0.595,-0.788,0.455,True,37.515458,126.920638,0.0,0
2025-09-23T10:46:41.719635,0.002,-0.005,0.261,0.324,-0.42,0.735,True,37.515824,126.920068,0.0,0
2025-09-23T10:46:42.681135,-0.0,-0.006,0.263,0.647,-0.516,0.779,True,37.516162,126.919482,0.0,0
2025-09-23T10:46:43.642635,0.001,-0.005,0.263,0.569,-0.35,0.744,True,37.516345,126.919076,0.0,0
2025-09-23T10:46:44.604135,0.004,-0.008,0.261,0.56,-0.472,0.691,True,37.516577,126.918441,0.0,0
2025-09-23T10:46:45.565635,0.002,-0.004,0.258,0.577,-0.499,0.656,True,37.516764,126.917773,0.0,0
2025-09-23T10:46:46.527135,0.005,-0.005,0.256,0.315,-0.315,0.796,True,37.516919,126.91709,0.0,0
2025-09-23T10:46:47.488635,0.006,-0.008,0.255,0.376,-0.359,0.717,True,37.517045,126.916439,0.0,0
2025-09-23T10:46:48.450135,0.005,-0.008,0.258,0.472,0.026,0.472,True,37.517041,126.915723,0.0,0
2025-09-23T10:46:49.411635,-0.0,-0.006,0.259,0.464,0.105,0.175,True,37.517025,126.915267,0.0,0
2025-09-23T10:46:50.373135,-0.002,-0.007,0.259,0.464,-0.28,-0.149,True,37.516976,126.914567,0.0,0
2025-09-23T10:46:51.334635,0.001,-0.004,0.263,0.577,-0.236,-0.192,True,37.516919,126.913867,0.0,0
2025-09-23T10:46:52.296135,-0.002,-0.003,0.254,0.621,-0.306,-0.219,True,37.516866,126.913167,0.0,0
2025-09-23T10:46:53.257635,0.006,-0.002,0.261,0.411,-0.385,-0.184,True,37.516813,126.912467,0.0,0
2025-09-23T10:46:54.219135,-0.007,-0.005,0.257,0.333,-0.805,0.403,True,37.516777,126.911995,0.0,0
2025-09-23T10:46:55.180635,-0.007,-0.005,0.26,0.411,-0.814,1.26,True,37.516703,126.911296,0.0,0
2025-09-23T10:46:56.142135,-0.004,-0.005,0.256,0.761,-0.289,1.155,True,37.516553,126.910612,0.0,0
2025-09-23T10:46:57.103635,0.006,-0.006,0.262,0.228,0.236,0.464,True,37.516345,126.909961,0.0,0
2025-09-23T10:46:58.065135,-0.001,-0.005,0.267,0.464,-0.096,-0.192,True,37.516085,126.909342,0.0,0
2025-09-23T10:46:59.026635,0.002,-0.006,0.255,0.534,-0.35,-0.219,True,37.515837,126.908757,0.0,0
2025-09-23T10:46:59.988135,0.003,-0.005,0.258,0.411,-0.324,-0.262,True,37.515678,126.908382,0.0,0
2025-09-23T10:47:00.949635,0.002,-0.006,0.26,0.499,-0.403,-0.236,True,37.515417,126.907813,0.0,0
2025-09-23T10:47:02.872635,0.001,-0.005,0.254,0.464,-0.35,-0.236,True,37.51484,126.906901,0.0,0
2025-09-23T10:47:03.834135,0.001,-0.001,0.259,0.411,-0.315,-0.219,True,37.514734,126.906331,0.0,0
2025-09-23T10:47:04.795635,0.002,-0.002,0.255,0.394,-0.333,-0.201,True,37.514429,126.905664,0.0,0
2025-09-23T10:47:05.757135,0.002,-0.004,0.257,0.359,-0.096,-0.21,True,37.514246,126.905225,0.0,0
2025-09-23T10:47:06.718635,0.001,-0.002,0.264,0.333,0.052,-0.306,True,37.513957,126.904557,0.0,0
2025-09-23T10:47:07.680135,-0.003,-0.007,0.255,0.507,-0.333,-0.516,True,37.51368,126.903906,0.0,0
2025-09-23T10:47:08.641635,-0.004,-0.004,0.26,0.368,-0.656,-0.464,True,37.513403,126.903206,0.0,0
2025-09-23T10:47:09.603135,0.001,-0.004,0.257,0.411,-0.604,-0.236,True,37.513135,126.902507,0.0,0
2025-09-23T10:47:10.564635,0.004,-0.006,0.263,0.49,-0.254,-0.192,True,37.512882,126.901823,0.0,0
2025-09-23T10:47:11.526135,-0.001,-0.002,0.263,0.919,-0.394,-0.201,True,37.51272,126.901367,0.0,0
2025-09-23T10:47:12.487635,0.004,-0.005,0.257,1.164,-0.438,-0.236,True,37.512467,126.900684,0.0,0
2025-09-23T10:47:13.449135,-0.001,-0.001,0.267,0.394,-0.42,-0.166,True,37.512219,126.9,0.0,0
2025-09-23T10:47:14.410635,-0.001,-0.0,0.265,0.403,-0.446,-0.184,True,37.511963,126.899333,0.0,0
2025-09-23T10:47:15.372135,-0.005,-0.006,0.264,0.586,-0.35,-0.096,True,37.511715,126.898649,0.0,0
2025-09-23T10:47:16.333635,0.002,-0.005,0.259,0.446,-0.464,0.149,True,37.511458,126.897965,0.0,0
2025-09-23T10:47:17.295135,0.002,-0.005,0.257,0.577,0.0,-0.087,True,37.511275,126.897526,0.0,0
2025-09-23T10:47:18.256635,0.005,-0.006,0.253,0.368,-0.403,-0.245,True,37.51099,126.896875,0.0,0
2025-09-23T10:47:19.218135,0.0,-0.007,0.26,0.446,-0.35,-0.219,True,37.51071,126.896224,0.0,0
2025-09-23T10:47:20.179635,0.002,-0.006,0.252,0.534,-0.455,-0.228,True,37.510429,126.895589,0.0,0
2025-09-23T10:47:21.141135,0.003,-0.003,0.254,0.324,-0.324,-0.245,True,37.510148,126.894954,0.0,0
2025-09-23T10:47:22.102635,0.0,-0.006,0.26,0.481,-0.123,-0.438,True,37.509884,126.894303,0.0,0
2025-09-23T10:47:23.064135,-0.002,-0.005,0.261,0.534,-0.7,-0.376,True,37.509696,126.893864,0.0,0
2025-09-23T10:47:24.025635,0.002,-0.005,0.258,0.403,-0.315,-0.254,True,37.50942,126.893229,0.0,0
2025-09-23T10:47:24.987135,-0.001,-0.003,0.258,0.499,-0.534,-0.219,True,37.509159,126.892578,0.0,0
2025-09-23T10:47:25.948635,0.002,-0.003,0.253,0.56,-0.691,-0.245,True,37.508887,126.891927,0.0,0
2025-09-23T10:47:26.910135,0.004,0.003,0.259,0.577,-0.858,0.14,True,37.508606,126.891276,0.0,0
2025-09-23T10:47:27.871635,0.006,0.002,0.261,0.639,-0.324,0.157,True,37.508301,126.890592,0.0,0
2025-09-23T10:47:28.833135,0.006,0.0,0.259,0.446,-0.35,0.236,True,37.508073,126.890153,0.0,0
2025-09-23T10:47:29.794635,0.004,0.002,0.26,0.481,-0.28,0.14,True,37.507715,126.889453,0.0,0
2025-09-23T10:47:30.756135,0.0,0.003,0.257,0.621,-0.289,-0.123,True,37.507324,126.888737,0.0,0
2025-09-23T10:47:31.717635,-0.0,0.004,0.257,0.647,-0.438,-0.219,True,37.506889,126.888037,0.0,0
2025-09-23T10:47:32.679135,0.004,0.0,0.258,0.394,-0.394,-0.254,True,37.506458,126.887288,0.0,0
2025-09-23T10:47:33.640635,0.004,0.001,0.259,0.543,-0.341,-0.254,True,37.506152,126.886784,0.0,0
2025-09-23T10:47:34.602135,0.003,0.004,0.257,0.499,-0.656,-0.219,True,37.505668,126.886019,0.0,0
2025-09-23T10:47:35.563635,0.009,-0.003,0.259,0.411,-0.936,0.079,True,37.505155,126.885286,0.0,0
2025-09-23T10:47:36.525135,0.004,-0.005,0.26,0.438,-0.359,0.7,True,37.504639,126.884505,0.0,0
2025-09-23T10:47:37.486635,-0.003,-0.007,0.255,0.455,0.219,0.56,True,37.504069,126.883805,0.0,0
2025-09-23T10:47:38.448135,0.009,-0.007,0.254,0.674,-0.079,-0.236,True,37.503678,126.88335,0.0,0
2025-09-23T10:47:39.409635,-0.002,-0.004,0.261,0.761,-0.254,-0.324,True,37.503072,126.882682,0.0,0
2025-09-23T10:47:40.371135,-0.001,-0.006,0.264,0.656,-0.989,0.175,True,37.502482,126.882015,0.0,0
2025-09-23T10:47:41.332635,-0.0,-0.005,0.26,0.595,-0.7,0.691,True,37.501876,126.881364,0.0,0
2025-09-23T10:47:42.294135,-0.002,-0.005,0.261,0.455,-0.306,0.796,True,37.501225,126.880778,0.0,0
2025-09-23T10:47:43.255635,-0.0,-0.006,0.26,0.656,-0.306,0.866,True,37.500529,126.88029,0.0,0
2025-09-23T10:47:44.217135,-0.004,-0.005,0.261,0.376,-0.306,0.884,True,37.500037,126.880046,0.0,0
2025-09-23T10:47:45.178635,-0.001,-0.005,0.259,0.429,-0.385,0.84,True,37.499268,126.879769,0.0,0
2025-09-23T10:47:46.140135,0.003,-0.002,0.264,0.858,-0.394,0.761,True,37.498486,126.87959,0.0,0
2025-09-23T10:47:47.101635,-0.002,-0.006,0.265,0.901,0.157,0.683,True,37.497693,126.879525,0.0,0
2025-09-23T10:47:48.063135,0.002,-0.004,0.264,0.333,0.298,0.131,True,37.496899,126.879557,0.0,0
2025-09-23T10:47:49.024635,-0.002,-0.002,0.256,0.595,-0.429,-0.184,True,37.496379,126.87959,0.0,0
2025-09-23T10:47:49.986135,0.005,-0.005,0.257,0.219,-0.306,-0.245,True,37.495605,126.879671,0.0,0
2025-09-23T10:47:50.947635,0.003,-0.006,0.254,1.426,-0.455,-0.245,True,37.494816,126.879736,0.0,0
2025-09-23T10:47:51.909135,-0.0,-0.008,0.259,0.21,-0.341,-0.21,True,37.494027,126.879785,0.0,0
2025-09-23T10:47:52.870635,-0.005,-0.023,0.252,0.044,-0.376,0.105,True,37.493233,126.879834,0.0,0
2025-09-23T10:47:53.832135,0.004,-0.008,0.253,-0.026,-0.254,-0.21,True,37.492452,126.879899,0.0,0
2025-09-23T10:47:54.793635,-0.0,-0.004,0.262,0.56,-0.464,-0.254,True,37.491927,126.879948,0.0,0
2025-09-23T10:47:55.755135,-0.001,-0.007,0.256,0.77,-0.315,-0.271,True,37.491146,126.879997,0.0,0
2025-09-23T10:47:56.716635,0.002,-0.004,0.253,0.551,-0.604,-0.262,True,37.490369,126.880062,0.0,0
2025-09-23T10:47:57.678135,-0.001,-0.009,0.251,0.481,-0.376,-0.298,True,37.489596,126.880111,0.0,0
2025-09-23T10:47:58.639635,0.002,-0.006,0.259,0.429,-0.744,-0.184,True,37.488818,126.880176,0.0,0
2025-09-23T10:47:59.601135,0.004,-0.005,0.253,0.84,-0.928,0.411,True,37.488049,126.880225,0.0,0
2025-09-23T10:48:00.562635,-0.009,-0.006,0.262,0.683,-0.507,1.006,True,37.487545,126.88029,0.0,0
2025-09-23T10:48:01.524135,0.0,-0.006,0.253,0.586,0.149,0.639,True,37.486796,126.880485,0.0,0
2025-09-23T10:48:02.485635,0.001,-0.007,0.258,1.085,0.114,-0.009,True,37.486064,126.880762,0.0,0
2025-09-23T10:48:03.447135,-0.002,-0.009,0.254,0.245,-0.21,-0.228,True,37.485343,126.881071,0.0,0
2025-09-23T10:48:04.408635,0.001,-0.005,0.268,-0.07,-0.219,-0.184,True,37.484627,126.881396,0.0,0
2025-09-23T10:48:05.370135,0.001,-0.006,0.253,0.262,-0.28,-0.192,True,37.484151,126.881608,0.0,0
2025-09-23T10:48:06.331635,0.002,-0.006,0.252,0.639,-0.595,-0.271,True,37.483435,126.881917,0.0,0
2025-09-23T10:48:07.293135,0.0,-0.001,0.255,0.534,-0.052,-0.184,True,37.482719,126.882243,0.0,0
2025-09-23T10:48:08.254635,-0.002,0.005,0.258,0.595,-0.201,-0.254,True,37.481991,126.882568,0.0,0
2025-09-23T10:48:09.216135,0.002,0.001,0.258,0.595,-0.464,-0.21,True,37.481246,126.882894,0.0,0
2025-09-23T10:48:10.177635,-0.001,0.004,0.252,0.306,-0.21,-0.21,True,37.480477,126.883236,0.0,0
2025-09-23T10:48:11.139135,0.002,-0.002,0.255,0.009,-0.551,-0.262,True,37.479956,126.883447,0.0,0
2025-09-23T10:48:12.100635,0.001,0.002,0.251,1.207,-0.438,-0.219,True,37.47915,126.883805,0.0,0
2025-09-23T10:48:13.062135,0.0,-0.001,0.25,0.131,-0.271,-0.245,True,37.478324,126.88418,0.0,0
2025-09-23T10:48:14.023635,0.003,0.003,0.26,-0.429,-0.376,-0.157,True,37.477474,126.884538,0.0,0
2025-09-23T10:48:14.985135,0.005,0.002,0.261,0.385,-0.333,-0.262,True,37.476607,126.884928,0.0,0
2025-09-23T10:48:15.946635,0.0,0.001,0.262,0.805,-0.411,-0.236,True,37.476017,126.885205,0.0,0
2025-09-23T10:48:16.908135,-0.001,0.002,0.264,0.735,-0.184,-0.262,True,37.47511,126.885596,0.0,0
2025-09-23T10:48:17.869635,0.005,0.002,0.269,0.77,-0.411,-0.236,True,37.474186,126.885986,0.0,0
2025-09-23T10:48:18.831135,0.004,-0.007,0.257,0.368,-0.376,-0.254,True,37.473242,126.88641,0.0,0
2025-09-23T10:48:19.792635,0.003,-0.004,0.272,0.866,-0.35,-0.28,True,37.47229,126.886833,0.0,0
2025-09-23T10:48:20.754135,0.002,-0.006,0.267,0.429,-0.403,-0.175,True,37.471342,126.887256,0.0,0
2025-09-23T10:48:21.715635,0.001,-0.007,0.26,0.726,-0.403,-0.289,True,37.470711,126.887533,0.0,0
2025-09-23T10:48:22.677135,0.004,-0.007,0.257,0.026,-0.472,-0.219,True,37.469767,126.887956,0.0,0
2025-09-23T10:48:23.638635,0.004,-0.006,0.265,0.962,-0.595,-0.289,True,37.468827,126.888379,0.0,0
2025-09-23T10:48:24.600135,0.003,-0.004,0.259,0.131,-0.166,-0.157,True,37.467891,126.888786,0.0,0
2025-09-23T10:48:25.561635,0.001,-0.007,0.262,0.665,-0.42,-0.254,True,37.466951,126.889209,0.0,0
2025-09-23T10:48:26.523135,0.002,-0.009,0.255,0.919,-0.333,-0.254,True,37.466024,126.889632,0.0,0
2025-09-23T10:48:27.484635,0.0,-0.01,0.257,0.175,-0.341,-0.219,True,37.465397,126.889893,0.0,0
2025-09-23T10:48:28.446135,0.0,-0.008,0.256,0.796,-0.376,-0.245,True,37.464478,126.890299,0.0,0
2025-09-23T10:48:29.407635,0.009,-0.004,0.262,0.577,-0.376,-0.551,True,37.463562,126.89069,0.0,0
2025-09-23T10:48:30.369135,0.004,-0.004,0.262,0.49,-0.184,-0.298,True,37.462646,126.891097,0.0,0
2025-09-23T10:48:31.330635,-0.002,-0.004,0.264,0.376,-0.516,-0.236,True,37.461731,126.891455,0.0,0
2025-09-23T10:48:32.292135,-0.002,-0.004,0.249,0.464,-0.446,-0.201,True,37.461129,126.891699,0.0,0
2025-09-23T10:48:33.253635,-0.009,-0.004,0.263,0.306,-0.157,0.035,True,37.460225,126.892074,0.0,0
2025-09-23T10:48:34.215135,0.006,-0.008,0.256,-0.079,-0.009,-0.175,True,37.459334,126.89248,0.0,0
2025-09-23T10:48:35.176635,0.003,-0.008,0.253,0.49,-0.333,-0.359,True,37.458443,126.892871,0.0,0
2025-09-23T10:48:36.138135,0.0,-0.004,0.257,0.359,-0.298,-0.254,True,37.45756,126.893278,0.0,0
2025-09-23T10:48:37.099635,-0.0,-0.007,0.257,0.298,-0.262,-0.219,True,37.456677,126.893669,0.0,0
2025-09-23T10:48:38.061135,0.005,-0.005,0.266,0.814,-0.429,-0.21,True,37.456087,126.893929,0.0,0
2025-09-23T10:48:39.022635,0.006,-0.008,0.255,0.236,-0.35,-0.236,True,37.455216,126.89432,0.0,0
2025-09-23T10:48:39.984135,-0.006,-0.013,0.258,0.376,-0.403,-0.149,True,37.454346,126.894694,0.0,0
2025-09-23T10:48:40.945635,0.003,-0.017,0.265,0.744,-0.49,-0.254,True,37.453487,126.895085,0.0,0
2025-09-23T10:48:41.907135,0.007,-0.012,0.269,0.613,-0.333,-0.271,True,37.452665,126.895443,0.0,0
2025-09-23T10:48:42.868635,-0.003,-0.017,0.26,0.884,-0.315,-0.096,True,37.451868,126.895801,0.0,0
2025-09-23T10:48:43.830135,-0.001,-0.011,0.257,0.376,-0.131,-0.254,True,37.451359,126.896029,0.0,0
2025-09-23T10:48:44.791635,0.005,-0.002,0.261,0.359,-0.796,-0.123,True,37.450614,126.89637,0.0,0
2025-09-23T10:48:45.753135,0.002,-0.006,0.257,0.035,-0.324,-0.219,True,37.449866,126.896712,0.0,0
2025-09-23T10:48:46.714635,0.004,-0.008,0.254,0.516,-0.333,-0.21,True,37.449113,126.897038,0.0,0
2025-09-23T10:48:47.676135,0.002,-0.009,0.26,0.446,-0.446,-0.192,True,37.44836,126.897363,0.0,0
